lpad;rmo;hh_sno;sex;sex2;sex3;edu;edu1;edu2;edu3;edu4;edu5;edu6;edu7;edu8;edu9;edu10;edu12;edu15;edu18;occ;occ2;occ3;occ4;occ5;hh_f;hh_f2;hh_a;hh_a2;c01m;c01f;c01h;c02m;c02f;c02h;c03m;c03f;c03h;c04;c05;c06;c07;c08;c09;c10;c11;c12;c13;c14;c15;c16;c17;c18;sf;mf;lf;c19;c20;c21;c22;c23;c24;c25;c26;c27;c28h;c28f;c29h;c29f;c30h;c30f;c31h;c31f;c32h;c32f;c33h;c33f;c34h;c34f;c35h;c35f;c36h;c36f;c37h;c37f;c38h;c38f;c39;c40;c41a;c41b;c42a;c42b;c43a;c43b;c44a;c44b;c45a;c45b;c45c;c46a;c46b;c47a;c47b;c48;c49;t101;t102;t103;t104;t105;t112;t113;t114;t121;t122;t123;t124;t125;t127;t128;t129;t130;t131;t132;t134;t135;t157;t158;t159;t160;t161;t167;t169;t175;t176;t177;t179;t182;t185;t106;t107;t108;t109;t110;t111;t115;t116;t117;t118;t119;t120;t126;t133;t136;t137;t138;t139;t140;t141;t142;t143;t144;t145;t146;t147;t148;t149;t150;t151;t152;t153;t154;t155;t156;t162;t163;t164;t165;t166;t168;t170;t171;t172;t173;t174;t178;t180;t181;t183;t184;t186;t187;t188;t189;t190;t191;t192;t193;t194;t195;t196;t197;t198;t199;t200;t201;t202;t203;p501a;p501b;p502a;p502b;p503a;p503b;p504a;p504b;p505a;p505b;p506a;p506b;p507a;p507b;p508a;p508b;p510a;p510b;p511a;p511b;p512a;p512b;p521a;p521b;p522a;p522b;p523a;p523b;p524a;p524b;p538a;p538b;p539a;p539b;p546a;p546b;p548a;p548b;p549a;p549b;p550a;p550b;p551a;p551b;p572a;p572b;pnl509;pnn509;pnl513;pnn513;pnl514;pnn514;pnl515;pnn515;pnl516;pnn516;pnl517;pnn517;pnl518;pnn518;pnl519;pnn519;pnl520;pnn520;pnl525;pnn525;pnl526;pnn526;pnl527;pnn527;pnl528;pnn528;pnl529;pnn529;pnl530;pnn530;pnl531;pnn531;pnl532;pnn532;pnl533;pnn533;pnl534;pnn534;pnl535;pnn535;pnl536;pnn536;pnl537;pnn537;pnl540;pnn540;pnl541;pnn541;pnl542;pnn542;pnl543;pnn543;pnl544;pnn544;pnl545;pnn545;pnl547;pnn547;pnl552;pnn552;pnl553;pnn553;pnl554;pnn554;pnl555;pnn555;pnl556;pnn556;pnl557;pnn557;pnl559;pnn559;pnl560;pnn560;pnl561;pnn561;pnl562;pnn562;pnl563;pnn563;pnl564;pnn564;pnl565;pnn565;pnl566;pnn566;pnl567;pnn567;pnl568;pnn568;pnl569;pnn569;pnl570;pnn570;pnl571;pnn571;pnl573;pnn573;pnl574;pnn574;pnl575;pnn575;pnl577;pnn577;pnl579;pnn579;pnl580;pnn580;pnl581;pnn581;pnl582;pnn582;pnl584;pnn584;pnl585;pnn585
20.46.43.142.073;1;1413;1295;118;0;361;3;72;96;65;192;55;90;159;79;173;51;17;0;927;10;76;177;223;2;1411;411;1002;3168;3078;0;71;49;0;1491;1346;0;1979.19;177;106.56;1908.75;107.59;4.22;10.73;3.3;125.84;846.39;919.52;10.6;1;5.4;1782.91;811;194;13;471.9;0;5.7;0;0;0;0;0;2;5777;4348;291;192;75;0;8;0;7;0;1040;39;63;0;669;42;33;0;240;0;2;0;4;49;38;5;1;67;4;2;2530;2;56;16;3;207;2;0;0;6;336;18;598.95;519.44;0.4;7.73;0.22;0;0.22;17.82;25.23;4.55;9.65;5.64;1.67;6.21;13.01;5.7;8.02;2.55;0.63;0.93;0.11;0;6.46;36.76;6.17;0;0.4;78.93;5.43;0.23;9.26;0.1;2.88;0;0;0;0;0;0;0;0;0;0;0;0;0;0;0;0;0;0;0;0;0;0;0;0;0;0;0;0;0;0;0;0;0;0;0;0;0;0;0;0;0;0;0;0;0;0;0;0;0;0;0;0;0;0;0;0;0;0;0;0;0;0;0;0;0;0;0;0;0.1;87.91;14099;3.44;350;32.41;5704;58.01;9294;7.49;1039;18.47;3599;4.3;531;1.7;182;0.28;41;0.02;2;4.34;461;0.57;362;1.69;117;4.16;698;5.64;733;28.48;0;14.89;3912;123.46;0;2.3;333;0.08;8;18.79;6531;439.06;198429;4.14;1083;0;0;0;0;0;0;0;0;0;0;0;0;0;0;0;0;0;0;0;0;0;0;0;0;0;0;0;0;0;0;0;0;0;0;0;0;0;0;0;0;0;0;0;0;0;0;0;0;0;0;0;0;0;0;0;0;0;0;0;0;0;0;0;0;0;0;0;0;0;0;0;0;0;0;0;0;0;0;0;0;0;0;0;0;0;0;0;0;0;0;0;0;0;0;0;0;0;0;0;0;0;0;0;0;0;0;0;0;0;0;0;0;0;0;0;0
20.46.43.142.113;1;91;84;7;0;59;2;8;10;4;2;1;0;4;0;1;0;0;0;91;0;0;0;0;1;90;0;91;228;208;0;9;2;0;130;112;0;766.58;6;12.9;773.48;15.9;1.48;66;2.4;85.78;247.9;437.2;1.3;0;1.3;687.7;19;33;37;0;0;0;0;0;0;0;0;0;958;230;12;0;0;0;0;0;0;0;34;0;0;0;65;12;0;0;31;0;0;0;0;0;1;0;0;0;0;0;385;0;0;0;0;0;0;0;0;0;8;65.5;7.1;0;0.1;1.1;0;0;0;0.3;5.2;0.3;3;0.05;0.7;0.55;3.35;0.95;4;1.25;0;0;0.06;0;11.01;85.5;4.86;0;0;32.2;2.25;0;1.4;0.1;0.7;0;0;0;0;0;0;0;0;0;0;0;0;0;0;0;0;0;0;0;0;0;0;0;0;0;0;0;0;0;0;0;0;0;0;0;0;0;0;0;0;0;0;0;0;0;0;0;0;0;0;0;0;0;0;0;0;0;0;0;0;0;0;0;0;0;0;0;0;0.01;4.12;343;0.55;37;2.85;130;7.55;773;0.1;12;0.9;85;0;0;0.05;6;0;0;0;0;0.15;10;0;0;0;0;0.2;22;0.7;47;5.3;0;2.8;32;84.94;0;7.1;564;0;0;0;0;278.84;74570;0.7;550;0;0;0;0;0;0;0;0;0;0;0;0;0;0;0;0;0;0;0;0;0;0;0;0;0;0;0;0;0;0;0;0;0;0;0;0;0;0;0;0;0;0;0;0;0;0;0;0;0;0;0;0;0;0;0;0;0;0;0;0;0;0;0;0;0;0;0;0;0;0;0;0;0;0;0;0;0;0;0;0;0;0;0;0;0;0;0;0;0;0;0;0;0;0;0;0;0;0;0;0;0;0;0;0;0;0;0;0;0;0;0;0;0;0;0;0
20.46.43.142.152;1;88;86;2;0;26;2;12;10;6;19;0;0;9;2;2;0;0;0;79;0;4;4;1;1;87;14;74;191;179;0;0;0;0;120;102;0;425.42;4.2;9.02;430.24;5.42;1.29;4.88;41.8;53.39;64.23;308.42;1.7;0;2.5;376.85;34;41;13;1.6;0;0;0;0;0;0;0;0;703;400;13;0;0;0;0;0;4;0;31;0;0;0;37;0;2;0;44;0;3;0;0;3;12;0;1;0;0;0;152;0;2;0;0;29;1;0;0;0;14;8.19;35.15;11.28;0;0.7;0;0;0;0.36;1.54;0.21;0.77;0.06;0.23;0.32;0.92;0.06;0.52;0.55;0;0;0;0;0.95;5.59;1.04;0;0.22;3.34;0.56;0;0.25;0;0.03;0;0;0;0;0;0;0;0;0;0;0;0;0;0;0;0;0;0;0;0;0;0;0;0;0;0;0;0;0;0;0;0;0;0;0;0;0;0;0;0;0;0;0;0;0;0;0;0;0;0;0;0;0;0;0;0;0;0;0;0;0;0;0;0;0;0;0;0;0;2.55;250;0.25;23;2.55;249;1.44;139;0.28;41;1.12;110;0.08;5;0.01;2;0.01;2;0;0;0.28;24;0;0;0.05;5;0.08;10;0.78;75;8.3;0;0.33;24;73.72;2318;2.55;263;0;0;1.19;1014;210.53;68266;0;0;0;0;0;0;0;0;0;0;0;0;0;0;0;0;0;0;0;0;0;0;0;0;0;0;0;0;0;0;0;0;0;0;0;0;0;0;0;0;0;0;0;0;0;0;0;0;0;0;0;0;0;0;0;0;0;0;0;0;0;0;0;0;0;0;0;0;0;0;0;0;0;0;0;0;0;0;0;0;0;0;0;0;0;0;0;0;0;0;0;0;0;0;0;0;0;0;0;0;0;0;0;0;0;0;0;0;0;0;0;0;0;0;0;0;0;0
20.46.43.142.153;1;233;222;11;0;96;7;21;32;19;17;10;11;8;7;4;0;1;0;219;0;1;9;4;0;233;79;154;548;529;0;28;34;0;351;302;0;1032.43;1.7;21.91;1052.64;25.74;1.11;17.91;3.3;48.06;329.15;668.63;0.6;2.1;4.1;1004.58;96;109;27;1.1;0;0;0;0;0;0;0;0;2169;1800;70;101;69;0;0;0;0;0;171;0;16;0;253;37;3;0;91;0;1;0;0;9;7;0;2;0;1;0;422;0;16;1;0;37;0;0;0;0;33;19;156.7;8.7;1;6.55;0;0;0.05;1.63;6.45;0;5.18;0.11;0.09;4.75;6.2;4.53;7.18;3.18;0;0;0;0;7;55.95;2.29;0;0.05;31.86;2.34;0;4.89;1.1;1.83;0;0;0;0;0;0;0;0;0;0;0;0;0;0;0;0;0;0;0;0;0;0;0;0;0;0;0;0;0;0;0;0;0;0;0;0;0;0;0;0;0;0;0;0;0;0;0;0;0;0;0;0;0;0;0;0;0;0;0;0;0;0;0;0;0;0;0;0;0;26.71;2785;2.52;325;17.31;1720;17.6;1855;2.52;409;8.77;1167;1.26;154;0.31;54;0.11;95;0.03;5;2.61;336;0.19;35;1.69;68;2.18;402;3.36;327;8.32;0;6.78;1016;60.15;5486;3.38;326;0;0;1.81;650;498.65;140576;0.14;18;0;0;0;0;0;0;0;0;0;0;0;0;0;0;0;0;0;0;0;0;0;0;0;0;0;0;0;0;0;0;0;0;0;0;0;0;0;0;0;0;0;0;0;0;0;0;0;0;0;0;0;0;0;0;0;0;0;0;0;0;0;0;0;0;0;0;0;0;0;0;0;0;0;0;0;0;0;0;0;0;0;0;0;0;0;0;0;0;0;0;0;0;0;0;0;0;0;0;0;0;0;0;0;0;0;0;0;0;0;0;0;0;0;0;0;0
20.46.43.142.155;1;273;267;6;0;85;17;33;26;26;34;7;11;13;7;13;0;1;0;268;3;2;0;0;2;271;47;226;669;558;0;1;1;0;294;264;0;1004.97;16.3;22.3;1010.97;23.53;0.06;83.92;2.1;109.61;245.9;632.26;4.6;0;18.6;901.36;136;102;24;56.8;0;0;0;0;0;0;0;0.3;1180;450;119;45;2;0;0;0;0;0;184;0;28;0;204;0;43;0;23;0;5;0;0;6;4;0;0;0;4;0;681;0;17;1;0;0;0;0;0;0;11;134.47;28.55;2.5;0;2.82;0;0;0.01;11.09;16.63;4.82;1.25;1.63;0.42;6.64;2.16;0;0.42;1.04;3.35;1.45;0.4;0.2;4.79;38.39;11.06;0;0;17;0.96;0;0.16;0.02;0.01;0;0;0;0;0;0;0;0;0;0;0;0;0;0;0;0;0;0;0;0;0;0;0;0;0;0;0;0;0;0;0;0;0;0;0;0;0;0;0;0;0;0;0;0;0;0;0;0;0;0;0;0;0;0;0;0;0;0;0;0;0;0;0;0;0;0;0;0;0;18.71;2057;0.03;2;6.16;469;13.07;1737;0.36;50;11.69;1288;0.05;2;0;0;0;0;0.01;0;1.5;266;0;0;0;0;0.71;569;0.06;5;3.05;0;0.35;50;19.08;0;0;0;0;0;0.5;899;643.4;190485;2.65;1299;0;0;0;0;0;0;0;0;0;0;0;0;0;0;0;0;0;0;0;0;0;0;0;0;0;0;0;0;0;0;0;0;0;0;0;0;0;0;0;0;0;0;0;0;0;0;0;0;0;0;0;0;0;0;0;0;0;0;0;0;0;0;0;0;0;0;0;0;0;0;0;0;0;0;0;0;0;0;0;0;0;0;0;0;0;0;0;0;0;0;0;0;0;0;0;0;0;0;0;0;0;0;0;0;0;0;0;0;0;0;0;0;0;0;0;0
20.46.43.142.372;1;224;214;10;0;37;4;13;36;21;48;5;12;25;12;6;2;3;0;211;0;5;8;0;1;223;147;77;507;488;0;0;0;0;243;190;0;879.17;18.4;30.2;890.97;23.9;2.55;18.6;2.5;47.55;290.2;550.52;1.3;1.4;0;843.42;65;138;13;4.9;0;0.3;0;0;0;0;0;0;1393;0;92;218;19;0;0;0;0;0;116;0;66;9;242;65;71;0;78;0;3;7;0;7;3;0;0;0;0;0;0;11;0;25;0;0;0;0;0;0;48;10.05;100.7;80.21;0;0.1;0;0;0;2.47;4.52;1.49;2.67;0.62;0;1.21;1.29;0.15;1.97;1.88;0;0;0;0;0.73;51.37;2.26;0;0.15;64.04;5.77;0.01;9.17;0.4;0.72;0;0;0;0;0;0;0;0;0;0;0;0;0;0;0;0;0;0;0;0;0;0;0;0;0;0;0;0;0;0;0;0;0;0;0;0;0;0;0;0;0;0;0;0;0;0;0;0;0;0;0;0;0;0;0;0;0;0;0;0;0;0;0;0;0;0;0;0;0;32.19;4259;1.59;69;7.19;617;19.15;2880;0.17;21;1.83;123;0.46;29;0.01;0;0.02;1;0;1;2.21;210;0;0;0.04;2;0.34;29;0.68;59;9.39;0;0.2;38;101.94;0;0.83;82;2.1;510;1;100;377.22;196361;0;0;0;0;0;0;0;0;0;0;0;0;0;0;0;0;0;0;0;0;0;0;0;0;0;0;0;0;0;0;0;0;0;0;0;0;0;0;0;0;0;0;0;0;0;0;0;0;0;0;0;0;0;0;0;0;0;0;0;0;0;0;0;0;0;0;0;0;0;0;0;0;0;0;0;0;0;0;0;0;0;0;0;0;0;0;0;0;0;0;0;0;0;0;0;0;0;0;0;0;0;0;0;0;0;0;0;0;0;0;0;0;0;0;0;0;0;0
20.46.43.142.411;1;99;99;0;0;56;3;7;8;5;9;4;3;2;1;1;0;0;0;99;0;0;0;0;1;98;52;47;254;266;0;0;0;0;140;133;0;107.5;0;0;107.5;8.45;0;0;3.7;12.15;44.32;49.03;2;0;0;95.35;82;12;0;0;0;0;0;0;0;0;0;0;844;0;38;0;0;0;0;0;0;0;157;12;0;0;142;28;0;0;0;0;1;0;0;1;2;0;0;0;0;0;349;4;0;0;0;0;0;0;0;0;24;22.25;16.95;0;0;0.29;0;1;0;7.08;7.43;0.68;0.32;0.99;0;0.56;4.87;0.18;0.22;0.3;0.05;0.5;0.05;0;1.7;11.6;4.6;0;0;0;0.31;0.4;0.65;0;0;0;0;0;0;0;0;0;0;0;0;0;0;0;0;0;0;0;0;0;0;0;0;0;0;0;0;0;0;0;0;0;0;0;0;0;0;0;0;0;0;0;0;0;0;0;0;0;0;0;0;0;0;0;0;0;0;0;0;0;0;0;0;0;0;0;0;0;0;0;10.19;1037;0.77;108;0.35;48;3.88;408;0;0;0.81;146;0;0;0;0;0;0;0;0;0.05;6;0;0;0;0;0;0;0.08;10;0.8;0;0.2;44;0;0;0.2;25;0;0;0;0;34.72;32042;0;0;0;0;0;0;0;0;0;0;0;0;0;0;0;0;0;0;0;0;0;0;0;0;0;0;0;0;0;0;0;0;0;0;0;0;0;0;0;0;0;0;0;0;0;0;0;0;0;0;0;0;0;0;0;0;0;0;0;0;0;0;0;0;0;0;0;0;0;0;0;0;0;0;0;0;0;0;0;0;0;0;0;0;0;0;0;0;0;0;0;0;0;0;0;0;0;0;0;0;0;0;0;0;0;0;0;0;0;0;0;0;0;0;0;0;0;0
20.46.43.142.522;1;617;530;87;0;181;24;32;29;12;113;34;23;72;24;51;18;3;1;478;4;10;7;118;54;563;227;390;1365;1266;2;125;71;0;810;757;0;1719.01;58.2;96.2;1757.01;71.15;1.37;190.21;2.7;265.43;470.01;1009.07;1.2;0.9;10.4;1491.58;361;130;47;341.7;0;0.3;0;1.1;0;0;0;0.4;3977;965;345;123;20;0;0;50;6;0;664;0;68;21;403;11;17;0;225;0;4;0;0;36;23;8;10;16;16;0;949;10;41;12;0;296;59;0;0;153;247;65.37;148.29;149.15;1.3;5.22;0.66;0;0.27;31.53;29.99;1.73;3.89;2.2;0.25;10.4;9.45;1.16;5.9;2.43;1.54;1.4;0.1;0;6.09;50.4;8.64;0;0.4;16.35;0.7;2.12;0.49;0.4;1.58;0;0;0;0;0;0;0;0;0;0;0;0;0;0;0;0;0;0;0;0;0;0;0;0;0;0;0;0;0;0;0;0;0;0;0;0;0;0;0;0;0;0;0;0;0;0;0;0;0;0;0;0;0;0;0;0;0;0;0;0;0;0;0;0;0;0;0;0;1.01;70.02;8741;6.3;498;18.34;2498;88.16;8448;2.64;344;11.65;736;0.37;45;0.62;764;0.3;18;0.02;3;4.93;916;0.04;2;0.71;34;4.03;331;2.07;132;15.5;0;10.67;1222;144.73;2997;0.74;64;0;1;37.54;9042;616.66;228178;1.28;1016;0;0;0;0;0;0;0;0;0;0;0;0;0;0;0;0;0;0;0;0;0;0;0;0;0;0;0;0;0;0;0;0;0;0;0;0;0;0;0;0;0;0;0;0;0;0;0;0;0;0;0;0;0;0;0;0;0;0;0;0;0;0;0;0;0;0;0;0;0;0;0;0;0;0;0;0;0;0;0;0;0;0;0;0;0;0;0;0;0;0;0;0;0;0;0;0;0;0;0;0;0;0;0;0;0;0;0;0;0;0;0;0;0;0;0;0
20.46.43.142.705;1;64;53;11;0;42;2;9;4;2;2;2;0;1;0;0;0;0;0;64;0;0;0;0;0;64;9;55;172;155;0;46;48;0;123;100;0;170.14;0;0.6;170.74;6.28;14.2;1.88;0.3;22.66;38.28;109.8;0;0;0;148.08;44;19;1;0.4;0;0;0;0;0;0;0;0;624;0;0;0;0;0;0;0;0;0;69;0;0;0;55;24;0;0;0;0;0;0;0;0;0;0;0;0;0;0;201;0;7;0;0;0;0;0;0;0;0;21.45;0.6;2.2;0;0.44;0;0;0;0;2.59;0;0;0.05;0;0.83;0.07;0.02;0.54;1.35;0;0;0;0;2.35;5.75;1.62;0;0;0.2;0;0;0;0;0;0;0;0;0;0;0;0;0;0;0;0;0;0;0;0;0;0;0;0;0;0;0;0;0;0;0;0;0;0;0;0;0;0;0;0;0;0;0;0;0;0;0;0;0;0;0;0;0;0;0;0;0;0;0;0;0;0;0;0;0;0;0;0;0;0;0;0;0;0;6.35;1577;0;0;2.92;316;1.8;276;0;0;1.61;180;0;0;0;0;0;0;0;0;0.3;28;0;0;0;0;0;0;0;0;0.1;0;0.6;0;4.95;0;0;0;0;0;0;0;92.33;19813;0;0;0;0;0;0;0;0;0;0;0;0;0;0;0;0;0;0;0;0;0;0;0;0;0;0;0;0;0;0;0;0;0;0;0;0;0;0;0;0;0;0;0;0;0;0;0;0;0;0;0;0;0;0;0;0;0;0;0;0;0;0;0;0;0;0;0;0;0;0;0;0;0;0;0;0;0;0;0;0;0;0;0;0;0;0;0;0;0;0;0;0;0;0;0;0;0;0;0;0;0;0;0;0;0;0;0;0;0;0;0;0;0;0;0;0;0;0
20.46.43.151.076;3;3414;3132;283;0;652;88;226;152;109;549;116;116;363;210;484;197;117;36;1037;131;466;826;955;48;3367;732;2683;7903;7741;2;33;22;0;1252;954;0;3769.42;451;424.7;3743.12;219.78;29.05;160.31;49.3;458.44;1101.96;2109.42;40.9;19;13.4;3284.68;1757;299;59;190.5;0;24.4;6.3;4.4;0.1;0;0;0.22;10383;8460;1174;719;1078;0;42;0;82;130;2128;7799;142;9;1389;47;78;58;431;16;18;0;0;23;31;5;38;34;2;0;1;1;5;9;3;70;4;0;0;26;321;134.11;669.16;261.74;0.93;12.18;0.19;0.21;1.13;38.94;67.44;15.34;30.74;16.61;3.73;18.63;12.86;15.54;45.06;42.67;7.31;8.35;3.8;5.82;7.19;36.75;20.55;0;3.69;178.14;59.99;2.71;23.35;1.45;3.31;0;0;0;0;0;0;0;0;0;0;0;0;0;0;0;0;0;0;0;0;0;0;0;0;0;0;0;0;0;0;0;0;0;0;0;0;0;0;0;0;0;0;0;0;0;0;0;0;0;0;0;0;0;0;0;0;0;0;0;0;0;0;0;0;0;0;0;0;1.01;217.61;37923;29.19;2430;62.65;9926;81.38;18351;16.69;2480;37.51;7466;8.57;1101;14.06;558;8.03;264;1;139;5.56;764;1.05;273;4.95;904;14;3553;9.18;1878;6.41;0;45.88;11543;107.28;12961;12.07;2225;2.55;516;25.36;7270;1321.22;391566;7.84;4548;0;0;0;0;0;0;0;0;0;0;0;0;0;0;0;0;0;0;0;0;0;0;0;0;0;0;0;0;0;0;0;0;0;0;0;0;0;0;0;0;0;0;0;0;0;0;0;0;0;0;0;0;0;0;0;0;0;0;0;0;0;0;0;0;0;0;0;0;0;0;0;0;0;0;0;0;0;0;0;0;0;0;0;0;0;0;0;0;0;0;0;0;0;0;0;0;0;0;0;0;0;0;0;0;0;0;0;0;0;0;0;0;0;0;0;0
20.46.43.151.410;1;1096;1028;68;0;512;20;66;39;32;119;21;29;85;63;78;31;0;1;887;7;21;31;150;5;1091;348;748;2337;2375;0;2;4;0;1268;1166;0;2310.24;139.9;321.88;2492.22;43.14;28.12;13.81;25.5;110.57;1045.21;1315.34;11.8;1.9;7.4;2381.65;720;279;34;36.2;0;4.9;0.4;3.2;1.2;0;0;1.6;4575;1595;162;80;109;0;2;0;11;0;948;89;35;0;368;57;7;0;303;11;1;0;0;36;49;3;1;9;0;0;1;0;1;11;0;76;21;0;0;0;46;67.51;554.78;162.78;0.03;12.17;1.42;0.27;0.22;36.69;22.82;4.88;14.21;2.25;3.89;5.9;10.63;7.2;15.09;5.78;0.02;1.45;0.02;0.1;1.67;70.03;17.11;0;5.81;59.37;11.79;0.15;14.43;0;0.27;0;0;0;0;0;0;0;0;0;0;0;0;0;0;0;0;0;0;0;0;0;0;0;0;0;0;0;0;0;0;0;0;0;0;0;0;0;0;0;0;0;0;0;0;0;0;0;0;0;0;0;0;0;0;0;0;0;0;0;0;0;0;0;0;0;0;0;0;0;79.24;15709;12.8;1008;33.7;3158;36.35;4430;4.71;637;24.17;2838;1.59;148;0.45;38;0.27;223;0.14;7;3.38;271;0.19;12;3.33;793;4.13;623;5.06;743;26.61;5695;17.8;3755;59.01;1242;3.1;195;0.23;13;0.71;354;826.09;374606;2.26;235;0;0;0;0;0;0;0;0;0;0;0;0;0;0;0;0;0;0;0;0;0;0;0;0;0;0;0;0;0;0;0;0;0;0;0;0;0;0;0;0;0;0;0;0;0;0;0;0;0;0;0;0;0;0;0;0;0;0;0;0;0;0;0;0;0;0;0;0;0;0;0;0;0;0;0;0;0;0;0;0;0;0;0;0;0;0;0;0;0;0;0;0;0;0;0;0;0;0;0;0;0;0;0;0;0;0;0;0;0;0;0;0;0;0;0;0
20.46.43.210.154;1;3493;3236;257;0;1072;100;193;169;142;445;120;93;317;257;344;156;74;11;2556;34;175;214;514;105;3388;915;2578;7706;7508;1;90;78;0;3747;3515;1;6942.95;788;1165.02;7319.97;298.33;32.92;162.85;25.1;519.2;2687.84;3976.23;64.4;25.4;46.9;6800.77;2337;757;111;1091.9;0;51;2.3;10.1;0;0;0;4.77;16431;7215;893;530;355;0;18;50;131;129;3269;114;300;9;2195;193;73;0;981;54;25;0;1;145;125;6;44;710;343;6;6068;5;218;18;2;298;4;0;0;35;481;162.37;2196.71;1073.73;1.64;19.29;1.22;0.24;0.15;49.29;47.33;14.22;40.15;13.07;1.22;15.59;21.52;6.55;20.45;12.88;2.91;2.95;0.11;1.11;11.61;82.93;30.65;0;6.73;197.75;14.05;1.72;30.26;0.77;4.33;0;0;0;0;0;0;0;0;0;0;0;0;0;0;0;0;0;0;0;0;0;0;0;0;0;0;0;0;0;0;0;0;0;0;0;0;0;0;0;0;0;0;0;0;0;0;0;0;0;0;0;0;0;0;0;0;0;0;0;0;0;0;0;0;0;0;0;0;1.15;252.5;39789;20.66;1955;90.12;8777;138.43;18903;21.72;3455;80.15;11719;9.25;858;4.83;391;1.66;154;0.62;55;21.16;2623;1.24;92;8.21;675;13.47;1674;14.21;1749;33.46;0;52.82;11371;279.93;1998;10.67;962;0.7;81;21.55;8079;2865.93;1172939;3.53;1359;0;0;0;0;0;0;0;0;0;0;0;0;0;0;0;0;0;0;0;0;0;0;0;0;0;0;0;0;0;0;0;0;0;0;0;0;0;0;0;0;0;0;0;0;0;0;0;0;0;0;0;0;0;0;0;0;0;0;0;0;0;0;0;0;0;0;0;0;0;0;0;0;0;0;0;0;0;0;0;0;0;0;0;0;0;0;0;0;0;0;0;0;0;0;0;0;0;0;0;0;0;0;0;0;0;0;0;0;0;0;0;0;0;0;0;0
20.46.43.442.409;1;1543;1448;95;0;443;14;70;70;55;325;58;63;140;51;174;52;17;11;803;23;109;217;391;76;1467;652;891;3843;3680;0;66;49;0;1001;861;0;2838.76;118.7;395.62;3115.68;92.25;39;54.88;46.8;232.93;953.4;1829.95;31.5;20.8;47.1;2882.75;657;345;72;175;0;18.2;16.5;9.5;0;0;0;0;8193;1650;968;710;321;0;24;0;34;0;1330;90;70;0;1175;82;46;0;203;0;4;0;18;24;30;9;31;3;1;0;0;1;0;16;1;81;31;0;0;4;225;392.32;238.55;205.74;1.1;9.65;5.76;0.1;7.45;33.17;48.22;13.46;42.37;11.47;6.91;31.91;30.17;23.36;28.38;42.07;6.44;6.33;1.48;2.02;24.79;108.44;44.55;0;3.27;118.11;18.41;1.46;18.67;2.32;9.49;0;0;0;0;0;0;0;0;0;0;0;0;0;0;0;0;0;0;0;0;0;0;0;0;0;0;0;0;0;0;0;0;0;0;0;0;0;0;0;0;0;0;0;0;0;0;0;0;0;0;0;0;0;0;0;0;0;0;0;0;0;0;0;0;0;0;0;0;1.6;170.8;24469;19.18;2911;35.86;6059;89.01;13972;11.98;2524;33.41;6480;6.46;1637;4.3;870;1.11;239;1.01;165;36.6;5349;1.84;179;8.81;1101;22.93;3966;20.33;4132;10.05;0;19.47;6027;139.72;100;58.58;11065;2.72;735;50.33;19876;926.75;322665;21.97;5250;0;0;0;0;0;0;0;0;0;0;0;0;0;0;0;0;0;0;0;0;0;0;0;0;0;0;0;0;0;0;0;0;0;0;0;0;0;0;0;0;0;0;0;0;0;0;0;0;0;0;0;0;0;0;0;0;0;0;0;0;0;0;0;0;0;0;0;0;0;0;0;0;0;0;0;0;0;0;0;0;0;0;0;0;0;0;0;0;0;0;0;0;0;0;0;0;0;0;0;0;0;0;0;0;0;0;0;0;0;0;0;0;0;0;0;0
20.46.43.442.595;1;1390;1259;131;0;436;30;90;68;38;226;43;25;149;92;117;54;17;5;736;24;82;119;429;21;1369;291;1099;3321;3239;0;10;5;0;873;766;0;1643.6;164.4;249.49;1728.69;56.61;17.2;61.13;3.7;138.64;676.79;887.86;18.6;0;6.8;1590.05;934;162;17;187.6;0;10;11.6;1;0.1;0;0;0;6391;4150;393;457;357;42;3;0;32;0;915;14;21;0;694;20;2;0;219;0;5;0;7;30;26;2;1;6;0;1;1;0;2;2;0;80;31;0;0;0;46;11.81;559.61;206.06;0;3;0;0.04;0.02;10.09;11.02;3.81;12.15;2.27;0.23;7.98;6.82;3.35;14.24;5.87;0.43;0.54;0.09;0.44;1.77;18.61;5.26;0;0.89;27.96;8.46;0.33;18.49;1.29;0.4;0;0;0;0;0;0;0;0;0;0;0;0;0;0;0;0;0;0;0;0;0;0;0;0;0;0;0;0;0;0;0;0;0;0;0;0;0;0;0;0;0;0;0;0;0;0;0;0;0;0;0;0;0;0;0;0;0;0;0;0;0;0;0;0;0;0;0;0;0.2;67.85;11558;8.4;1232;28.54;4429;33.25;5617;12.89;1654;17.44;3021;9.99;540;1.7;276;0.48;91;0.13;22;7.62;1107;0.71;133;2.92;338;7.69;1618;4.54;618;1.73;0;17.27;6393;189.34;1430;3.69;453;2.19;295;4.42;1615;540.32;227592;3.92;748;0;0;0;0;0;0;0;0;0;0;0;0;0;0;0;0;0;0;0;0;0;0;0;0;0;0;0;0;0;0;0;0;0;0;0;0;0;0;0;0;0;0;0;0;0;0;0;0;0;0;0;0;0;0;0;0;0;0;0;0;0;0;0;0;0;0;0;0;0;0;0;0;0;0;0;0;0;0;0;0;0;0;0;0;0;0;0;0;0;0;0;0;0;0;0;0;0;0;0;0;0;0;0;0;0;0;0;0;0;0;0;0;0;0;0;0
20.46.43.442.742;1;507;472;35;0;195;10;24;22;26;44;19;12;50;39;51;14;1;0;469;0;18;12;8;2;505;153;354;1079;1042;1;55;38;0;651;641;0;1068.61;123.3;204.45;1149.76;40.21;4.27;11.89;0.2;56.57;424.39;655.9;7;0.9;5;1093.19;308;125;18;124.5;0;1.7;1;0;0;0;0;1.21;2184;2230;103;111;33;0;0;0;0;0;528;0;53;0;335;44;25;0;187;0;3;0;1;19;10;0;1;5;0;0;0;0;3;7;2;0;1;0;0;0;12;102.68;285.22;183.13;0.1;3.99;0;0;0.05;15.68;10.94;7.93;4.22;5.28;0.02;10.42;9.65;1.48;4.94;12.13;0.01;0.02;0;0.05;2.33;24.07;13.05;0;0.17;68.07;4.2;0.1;12.74;0;1.66;0;0;0;0;0;0;0;0;0;0;0;0;0;0;0;0;0;0;0;0;0;0;0;0;0;0;0;0;0;0;0;0;0;0;0;0;0;0;0;0;0;0;0;0;0;0;0;0;0;0;0;0;0;0;0;0;0;0;0;0;0;0;0;0;0;0;0;0;6.13;17.35;2120;3.06;276;10.16;1012;6.6;853;3.46;590;10.47;1053;1.48;157;2.1;144;0.21;21;0.29;15;4.51;818;0.14;13;0.84;74;3.79;523;2.16;213;1.05;0;10.5;2126;51;0;2.8;203;0.41;36;1.9;1058;610.89;202080;4.76;3330;0;0;0;0;0;0;0;0;0;0;0;0;0;0;0;0;0;0;0;0;0;0;0;0;0;0;0;0;0;0;0;0;0;0;0;0;0;0;0;0;0;0;0;0;0;0;0;0;0;0;0;0;0;0;0;0;0;0;0;0;0;0;0;0;0;0;0;0;0;0;0;0;0;0;0;0;0;0;0;0;0;0;0;0;0;0;0;0;0;0;0;0;0;0;0;0;0;0;0;0;0;0;0;0;0;0;0;0;0;0;0;0;0;0;0;0
20.46.43.509.074;1;384;338;46;0;160;15;28;21;9;83;11;5;24;3;16;6;3;0;374;0;8;2;0;0;384;305;79;934;912;0;6;11;0;470;383;0;1521.24;17.9;16.65;1519.99;78.85;6.43;64.55;159.7;309.53;582.51;591.95;1.1;0;34.9;1210.46;195;140;31;168.2;0;0;0;0;0;0;0;0;2726;5960;24;30;29;0;0;0;4;0;267;0;22;0;468;157;0;0;30;0;0;0;1;28;37;0;2;0;0;0;0;0;18;6;2;0;1;0;0;1;9;134.53;43.75;149.8;0;8.01;0;0;0;2.97;8.47;1.8;5.73;0.82;0;2.23;4.3;2.47;2.83;5.35;0;0.75;0.25;0;6.25;39.88;13.38;0;0;106.47;4.35;0.3;16.75;0.2;0.1;0;0;0;0;0;0;0;0;0;0;0;0;0;0;0;0;0;0;0;0;0;0;0;0;0;0;0;0;0;0;0;0;0;0;0;0;0;0;0;0;0;0;0;0;0;0;0;0;0;0;0;0;0;0;0;0;0;0;0;0;0;0;0;0;0;0;0;0;0;49.1;4953;2.29;246;22.12;2012;21.84;2444;4.88;488;7.39;739;6.06;629;1.27;126;0.57;57;0.01;7;4.57;456;0.08;8;4.16;356;4.55;455;2.3;230;3.9;999;6.05;1416;25.18;5397;1.57;157;0.51;51;3.05;733;415.35;98650;0.83;83;0;0;0;0;0;0;0;0;0;0;0;0;0;0;0;0;0;0;0;0;0;0;0;0;0;0;0;0;0;0;0;0;0;0;0;0;0;0;0;0;0;0;0;0;0;0;0;0;0;0;0;0;0;0;0;0;0;0;0;0;0;0;0;0;0;0;0;0;0;0;0;0;0;0;0;0;0;0;0;0;0;0;0;0;0;0;0;0;0;0;0;0;0;0;0;0;0;0;0;0;0;0;0;0;0;0;0;0;0;0;0;0;0;0;0;0
20.46.43.509.075;1;5018;4593;425;0;1362;129;341;278;165;1127;143;169;556;224;338;130;40;16;2761;56;239;461;1501;165;4853;2392;2626;11311;10928;0;64;37;0;3441;1754;0;6783.66;579;729.41;6934.07;606.93;80.52;282.83;127.4;1097.68;2681.04;2796.75;79.7;14.8;264.1;5836.39;3182;593;75;575.1;0;45.2;13.2;7.5;0.2;0;0;0;26645;14987;3566;2020;3311;0;15;56;77;13;4475;98;304;9;3603;148;68;0;1070;0;23;0;9;39;166;14;3;219;3;0;23;10;80;13;1;93;12;0;0;45;121;829.33;958.7;573.15;0.15;5.37;0;1.79;0.41;25.04;56.89;10.99;29.45;9.07;2.79;19.82;29.8;13.97;20.31;28.13;4.58;3.41;3.39;1.28;37.19;157.69;40.7;0;1.03;249.34;14.65;0.26;19.79;0.26;2.23;0;0;0;0;0;0;0;0;0;0;0;0;0;0;0;0;0;0;0;0;0;0;0;0;0;0;0;0;0;0;0;0;0;0;0;0;0;0;0;0;0;0;0;0;0;0;0;0;0;0;0;0;0;0;0;0;0;0;0;0;0;0;0;0;0;0;0;0;0.1;328.93;38958;65.96;6879;160.09;16052;176;21562;21.52;3144;52.61;6072;13.24;1647;9.01;951;2.36;409;2.95;320;15.46;2368;1.24;146;18.48;1464;27.55;3478;11.25;1228;17.68;0;31.51;6715;218.11;5;7.66;797;5.44;790;39.36;7684;1553.98;416692;23.66;5331;0;0;0;0;0;0;0;0;0;0;0;0;0;0;0;0;0;0;0;0;0;0;0;0;0;0;0;0;0;0;0;0;0;0;0;0;0;0;0;0;0;0;0;0;0;0;0;0;0;0;0;0;0;0;0;0;0;0;0;0;0;0;0;0;0;0;0;0;0;0;0;0;0;0;0;0;0;0;0;0;0;0;0;0;0;0;0;0;0;0;0;0;0;0;0;0;0;0;0;0;0;0;0;0;0;0;0;0;0;0;0;0;0;0;0;0
20.46.43.509.114;1;554;523;31;0;193;7;30;23;12;50;21;50;62;38;46;13;5;4;490;39;9;8;8;3;551;162;392;1289;1241;1;3;3;0;576;331;0;1106.06;39.6;51.9;1118.36;86.52;10.94;14.36;1.4;113.22;429.45;562.39;5.6;2.1;5.6;1005.14;324;131;12;215.5;0;0;5;0;1.2;0;0;0;4184;1200;507;307;105;0;1;0;6;0;585;11;81;9;547;72;6;0;299;0;2;11;0;14;38;0;0;0;0;0;4;0;27;13;0;1;0;0;0;2;128;7.11;306.82;178.71;0.3;1.2;0;0;0.02;7.58;8.56;1.59;2.79;1.26;0.02;2.35;2.33;1.92;3;0.21;1.4;1;0.05;0.05;0.4;21.13;4.99;0;0.2;64.82;2.05;0.8;4.66;0;0;0;0;0;0;0;0;0;0;0;0;0;0;0;0;0;0;0;0;0;0;0;0;0;0;0;0;0;0;0;0;0;0;0;0;0;0;0;0;0;0;0;0;0;0;0;0;0;0;0;0;0;0;0;0;0;0;0;0;0;0;0;0;0;0;0;0;0;0;0;32.39;5519;1.9;260;6.93;1240;23.3;3122;0.43;70;6.77;2377;0.32;43;0.24;26;0.41;104;0.17;18;0.81;180;0.41;45;0.27;21;6.35;348;1.63;733;2.15;0;1.32;775;21.53;0;1.14;132;1.18;230;10.81;2751;455.84;131267;1.8;570;0;0;0;0;0;0;0;0;0;0;0;0;0;0;0;0;0;0;0;0;0;0;0;0;0;0;0;0;0;0;0;0;0;0;0;0;0;0;0;0;0;0;0;0;0;0;0;0;0;0;0;0;0;0;0;0;0;0;0;0;0;0;0;0;0;0;0;0;0;0;0;0;0;0;0;0;0;0;0;0;0;0;0;0;0;0;0;0;0;0;0;0;0;0;0;0;0;0;0;0;0;0;0;0;0;0;0;0;0;0;0;0;0;0;0;0
20.46.43.509.115;1;2029;1815;214;0;554;64;130;129;96;417;68;65;171;78;188;43;21;5;1371;14;67;224;353;35;1994;488;1541;4814;4629;3;31;19;0;1271;885;0;4508.23;143.8;140.63;4505.06;385.82;17.32;148.86;51.2;603.2;1664.85;2181.31;8.4;2.2;45.1;3901.86;1116;340;127;264.6;0;3.9;2;0;0;0;0;0.5;14772;10100;1876;2358;943;0;126;58;105;120;2215;70;59;0;2057;40;43;0;491;11;6;13;5;20;126;5;8;5;0;0;2;0;7;19;5;57;3;0;0;8;88;232;442.9;326.3;1.41;3.21;0.02;0.07;0.02;18.2;28.66;0.54;6.8;7.35;0.43;7.49;7.8;3.44;4.83;6.34;4.17;5.38;0.5;0.15;15.11;124.92;21.57;0;0.55;182.58;4.22;0.01;16.17;1;0.41;0;0;0;0;0;0;0;0;0;0;0;0;0;0;0;0;0;0;0;0;0;0;0;0;0;0;0;0;0;0;0;0;0;0;0;0;0;0;0;0;0;0;0;0;0;0;0;0;0;0;0;0;0;0;0;0;0;0;0;0;0;0;0;0;0;0;0;0;0.06;287.28;30763;12.09;1218;48.95;4865;180.05;18160;2.52;279;13.83;1840;1.73;121;32.19;319;0.84;86;1.06;95;30.23;3103;0.56;51;2.03;216;2.57;674;2.89;297;0.5;0;4.03;620;113.46;0;23.31;1280;5.03;850;6.67;1572;1428.3;295811;1.44;220;0;0;0;0;0;0;0;0;0;0;0;0;0;0;0;0;0;0;0;0;0;0;0;0;0;0;0;0;0;0;0;0;0;0;0;0;0;0;0;0;0;0;0;0;0;0;0;0;0;0;0;0;0;0;0;0;0;0;0;0;0;0;0;0;0;0;0;0;0;0;0;0;0;0;0;0;0;0;0;0;0;0;0;0;0;0;0;0;0;0;0;0;0;0;0;0;0;0;0;0;0;0;0;0;0;0;0;0;0;0;0;0;0;0;0;0
20.46.43.509.668;1;1433;1393;40;0;359;18;57;85;54;238;31;40;196;111;169;54;19;2;1348;0;61;24;0;5;1428;350;1083;3216;3065;0;10;3;0;1701;1493;0;5724.42;75.6;70.3;5719.12;397.69;19.85;198.46;1.7;617.7;2401.9;2682.72;10.5;0;6.3;5101.42;770;493;132;295.7;0;10.4;1.6;0;0;0;0;0;13638;5470;591;1026;28;0;10;0;12;0;1596;27;104;10;2071;399;107;0;960;0;5;0;1;69;52;3;0;55;0;0;1;0;0;15;2;2;0;0;0;5;97;531.55;738.04;383.26;0.1;2.03;0;0;1.17;47.37;31.8;4.75;5.16;0.61;0.74;0.34;0.8;1.05;3.63;0.44;0.52;0.05;1;0;2.15;85.56;11.3;0;0.6;609.24;18.04;0;9.05;0;0.5;0;0;0;0;0;0;0;0;0;0;0;0;0;0;0;0;0;0;0;0;0;0;0;0;0;0;0;0;0;0;0;0;0;0;0;0;0;0;0;0;0;0;0;0;0;0;0;0;0;0;0;0;0;0;0;0;0;0;0;0;0;0;0;0;0;0;0;0;5;354.74;37347;0.83;83;33.08;4139;149.03;15929;1.63;739;40.16;9348;1.27;80;0.81;2303;0.2;19;1.21;424;24.71;5951;0.1;12;2.05;3375;1.99;268;10.67;2691;1.99;0;11.48;5691;66.25;0;0.08;8;0;0;23;3204;2013.79;430178;51.07;2370;0;0;0;0;0;0;0;0;0;0;0;0;0;0;0;0;0;0;0;0;0;0;0;0;0;0;0;0;0;0;0;0;0;0;0;0;0;0;0;0;0;0;0;0;0;0;0;0;0;0;0;0;0;0;0;0;0;0;0;0;0;0;0;0;0;0;0;0;0;0;0;0;0;0;0;0;0;0;0;0;0;0;0;0;0;0;0;0;0;0;0;0;0;0;0;0;0;0;0;0;0;0;0;0;0;0;0;0;0;0;0;0;0;0;0;0
20.46.47.307.073;1;503;456;47;0;98;19;64;40;26;94;13;27;41;36;29;13;2;1;405;4;28;29;37;5;498;460;43;1200;1193;0;11;3;0;582;527;0;761.78;37.1;139.7;864.38;42.96;6.97;0.1;0.1;50.13;374.26;435.09;3.1;1.7;0.1;814.25;400;77;6;56.6;0;4.4;0.5;0;0;0;0;0.45;5181;4120;196;112;54;0;4;0;17;0;774;0;109;0;1355;15;74;12;479;12;13;0;11;13;16;0;7;16;0;0;0;0;0;4;0;0;3;0;0;0;141;71.6;257.15;84;0;2.39;0;0.05;0;2.34;12.05;2.91;7.96;1.4;0;1.71;5.2;1.51;3.25;9.59;0.09;0.07;0;0;3.08;14.47;2.19;0;0.15;26.11;2.62;0.35;1.1;0.05;1.2;0;0;0;0;0;0;0;0;0;0;0;0;0;0;0;0;0;0;0;0;0;0;0;0;0;0;0;0;0;0;0;0;0;0;0;0;0;0;0;0;0;0;0;0;0;0;0;0;0;0;0;0;0;0;0;0;0;0;0;0;0;0;0;0;0;0;0;0;31.53;43.04;8812;5.34;898;46.24;8127;34.12;6737;5.28;892;7.5;1574;3.08;1061;2.77;375;0.37;49;0.34;24;3.13;541;1.88;183;3.99;444;5.95;1411;6.03;675;3.7;0;3.47;1043;67.95;0;0.32;67;0;0;7.74;1419;142.83;68958;1.14;169;0;0;0;0;0;0;0;0;0;0;0;0;0;0;0;0;0;0;0;0;0;0;0;0;0;0;0;0;0;0;0;0;0;0;0;0;0;0;0;0;0;0;0;0;0;0;0;0;0;0;0;0;0;0;0;0;0;0;0;0;0;0;0;0;0;0;0;0;0;0;0;0;0;0;0;0;0;0;0;0;0;0;0;0;0;0;0;0;0;0;0;0;0;0;0;0;0;0;0;0;0;0;0;0;0;0;0;0;0;0;0;0;0;0;0;0
20.46.47.307.112;1;130;118;12;0;34;8;18;23;5;25;7;1;1;1;2;5;0;0;106;1;2;4;17;4;126;70;60;288;285;0;0;0;0;101;99;0;257.65;2.8;14.8;269.65;24.4;3.95;13.9;4.1;46.35;82.15;135.25;0;0;5.9;223.3;77;32;1;0.6;0;0;0;0;0;0;0;0;697;500;7;60;10;0;0;0;0;0;92;0;19;0;42;0;4;0;34;0;1;0;1;1;0;0;2;0;0;0;1;0;0;1;0;0;0;0;0;0;2;32.01;25.5;3.4;0;0.02;0;0;0.01;0;0.5;0.3;0;0.41;0;1.15;0.4;0.5;1.3;0.1;0;0;0;0;5.2;6.8;0;0;0;13.88;0.46;0;17.09;0.02;0;0;0;0;0;0;0;0;0;0;0;0;0;0;0;0;0;0;0;0;0;0;0;0;0;0;0;0;0;0;0;0;0;0;0;0;0;0;0;0;0;0;0;0;0;0;0;0;0;0;0;0;0;0;0;0;0;0;0;0;0;0;0;0;0;0;0;0;0;1.96;9.31;2353;0.09;4;10.65;2057;17.36;4354;0.2;38;0.68;21;0;0;0.01;1;0;0;0;0;0.8;230;0;0;0.26;39;0.68;225;1.69;270;0.05;0;0.2;100;7.05;0;0.35;25;0;0;1.4;800;65.2;31532;0;0;0;0;0;0;0;0;0;0;0;0;0;0;0;0;0;0;0;0;0;0;0;0;0;0;0;0;0;0;0;0;0;0;0;0;0;0;0;0;0;0;0;0;0;0;0;0;0;0;0;0;0;0;0;0;0;0;0;0;0;0;0;0;0;0;0;0;0;0;0;0;0;0;0;0;0;0;0;0;0;0;0;0;0;0;0;0;0;0;0;0;0;0;0;0;0;0;0;0;0;0;0;0;0;0;0;0;0;0;0;0;0;0;0;0;0;0
20.46.47.307.259;1;495;418;77;0;133;5;17;23;18;42;16;33;55;47;68;33;4;1;214;5;33;68;175;45;450;106;389;1207;1173;2;2;2;0;256;219;2;617.4;50;61.66;629.06;60.25;4.77;8.3;3.5;76.82;267.49;250.75;4.1;0.1;29.8;552.24;294;56;3;29.8;0;0;0;0.8;0;0;0;0;3745;0;516;500;402;0;0;50;48;0;666;0;14;0;526;0;9;0;37;0;0;0;0;15;5;2;1;46;0;0;0;0;0;0;0;0;0;0;0;0;1;30.45;204.34;35.07;0.3;1.55;0.2;0;0;0.8;2.1;0.24;1.26;0.2;2.25;0.67;1;3.93;0.64;1;0.1;0;0;0;4.77;5.81;0.6;0;0;13.15;1.45;0;4.31;0;2.7;0;0;0;0;0;0;0;0;0;0;0;0;0;0;0;0;0;0;0;0;0;0;0;0;0;0;0;0;0;0;0;0;0;0;0;0;0;0;0;0;0;0;0;0;0;0;0;0;0;0;0;0;0;0;0;0;0;0;0;0;0;0;0;0;0;0;0;0;13.54;48.4;10942;0.45;103;25.44;5003;22.47;4668;1.19;369;3.55;561;0.02;33;0.95;162;0;26;0.1;33;1.45;233;0.09;46;1.75;109;0.41;184;3.23;588;0.3;0;2.53;1091;47.67;0;0.61;82;0.47;68;2.81;1340;75.97;32447;0.5;618;0;0;0;0;0;0;0;0;0;0;0;0;0;0;0;0;0;0;0;0;0;0;0;0;0;0;0;0;0;0;0;0;0;0;0;0;0;0;0;0;0;0;0;0;0;0;0;0;0;0;0;0;0;0;0;0;0;0;0;0;0;0;0;0;0;0;0;0;0;0;0;0;0;0;0;0;0;0;0;0;0;0;0;0;0;0;0;0;0;0;0;0;0;0;0;0;0;0;0;0;0;0;0;0;0;0;0;0;0;0;0;0;0;0;0;0
20.46.47.307.259;3;1503;1356;147;0;474;21;102;73;79;238;41;46;149;71;141;58;10;0;628;32;147;255;441;13;1490;651;852;3658;3653;1;45;44;0;715;627;1;2162.56;174.8;69.29;2057.05;155.46;26.7;88.85;24.7;295.71;482.47;1126.97;4.8;3.2;143.9;1761.34;873;165;32;83.4;0;2.8;2;0;0;0;0;0;8664;2679;1094;840;665;91;53;0;27;50;1867;15;143;9;1236;71;24;0;134;0;4;0;2;21;12;1;0;41;6;0;482;0;16;9;0;5;0;0;0;0;25;167.97;293.26;103.65;0.1;14.16;0.1;0;0.05;5.18;18.99;3.97;21.21;6.08;0.73;11.73;6.12;10.68;5.89;16.49;1.2;0.03;0;0.15;13;32.82;3.19;0;0;39.35;3.03;0.1;16.8;0.03;0.3;0;0;0;0;0;0;0;0;0;0;0;0;0;0;0;0;0;0;0;0;0;0;0;0;0;0;0;0;0;0;0;0;0;0;0;0;0;0;0;0;0;0;0;0;0;0;0;0;0;0;0;0;0;0;0;0;0;0;0;0;0;0;0;0;0;0;0;0;12.99;281.42;56508;5.08;941;137.69;33573;134.16;22664;13.64;2367;4.93;2004;1.66;342;5.45;151;0;14;0.42;60;6.44;723;0.1;63;4.35;2909;5.83;1695;9.41;1641;0.2;0;3.39;1538;198.45;8588;6.82;2326;1.11;1520;8.9;4280;348.87;86971;0.01;16;0;0;0;0;0;0;0;0;0;0;0;0;0;0;0;0;0;0;0;0;0;0;0;0;0;0;0;0;0;0;0;0;0;0;0;0;0;0;0;0;0;0;0;0;0;0;0;0;0;0;0;0;0;0;0;0;0;0;0;0;0;0;0;0;0;0;0;0;0;0;0;0;0;0;0;0;0;0;0;0;0;0;0;0;0;0;0;0;0;0;0;0;0;0;0;0;0;0;0;0;0;0;0;0;0;0;0;0;0;0;0;0;0;0;0;0
20.46.47.307.733;1;783;661;122;0;334;33;102;101;51;62;16;12;29;9;27;6;1;0;708;9;14;2;50;7;776;613;170;1968;1907;0;54;37;0;931;887;0;1326.98;15.5;169.51;1480.99;86.73;34.14;17.6;2.3;140.77;699.66;605.26;13.1;1.6;20.6;1340.22;568;164;3;87.1;0;1.5;1.6;0;0;0;0;0;5576;2840;162;210;434;0;3;0;44;278;1104;36;103;9;1002;137;47;0;457;25;4;0;5;18;15;4;2;0;0;0;139;0;2;5;0;35;0;0;0;0;58;230.48;316.55;97.81;0.2;10.71;0;0.71;0.04;4.32;11.5;2.52;10.82;0.31;0.06;3.38;5.64;0.9;3.36;10.61;0.26;0.55;0;0.66;29.36;56.16;11.22;0;0;88.15;2.3;0.01;0.06;0.01;1.1;0;0;0;0;0;0;0;0;0;0;0;0;0;0;0;0;0;0;0;0;0;0;0;0;0;0;0;0;0;0;0;0;0;0;0;0;0;0;0;0;0;0;0;0;0;0;0;0;0;0;0;0;0;0;0;0;0;0;0;0;0;0;0;0;0;0;0;0;5.51;76.93;22483;0.73;156;16.22;2131;21.62;4964;0.41;182;3.09;561;0.15;95;0.35;136;1;13;0;2;0.03;37;0.03;20;3.54;220;2.01;983;0.3;189;1.7;0;2.39;395;43.76;150;0.03;101;0.3;130;4.79;2106;212.56;50500;0.02;14;0;0;0;0;0;0;0;0;0;0;0;0;0;0;0;0;0;0;0;0;0;0;0;0;0;0;0;0;0;0;0;0;0;0;0;0;0;0;0;0;0;0;0;0;0;0;0;0;0;0;0;0;0;0;0;0;0;0;0;0;0;0;0;0;0;0;0;0;0;0;0;0;0;0;0;0;0;0;0;0;0;0;0;0;0;0;0;0;0;0;0;0;0;0;0;0;0;0;0;0;0;0;0;0;0;0;0;0;0;0;0;0;0;0;0;0
20.46.47.341.074;1;1318;1155;163;0;307;66;84;38;29;243;26;16;183;79;163;69;13;2;736;13;169;166;234;14;1304;524;794;3233;3095;0;8;2;0;868;438;0;1951.47;141.8;130.11;1939.78;87.92;11.27;54.95;118.2;272.34;468.61;1095.73;18.5;2;82.6;1667.44;711;179;27;139.5;0;1.5;1.2;0;0;0;0;0;7343;13069;1169;814;812;0;36;0;46;45;1419;78;82;0;1236;67;80;0;13;0;1;0;3;11;11;0;5;33;2;0;269;0;10;3;1;17;22;0;0;0;163;16.2;402;430.47;0;1.2;0;0;0.07;6.62;24.49;6.72;23.29;3.72;0.18;6.31;11.28;16.6;19.4;18.07;0.4;0.6;0;0.12;8.37;41.73;2.42;0;0;26.53;5.67;10.02;48.12;0.2;0.55;0;0;0;0;0;0;0;0;0;0;0;0;0;0;0;0;0;0;0;0;0;0;0;0;0;0;0;0;0;0;0;0;0;0;0;0;0;0;0;0;0;0;0;0;0;0;0;0;0;0;0;0;0;0;0;0;0;0;0;0;0;0;0;0;0;0;0;0;7.57;536.74;61013;4.96;425;108.36;11768;60.02;6063;6.88;1326;6.92;1045;0.65;46;0.98;128;0.78;71;2.44;130;3.77;570;0.07;17;6.3;375;5.42;1956;4.78;491;0.65;0;5.48;1544;111.46;119;3;215;0.5;82;9.44;1122;194.11;41278;0.1;29;0;0;0;0;0;0;0;0;0;0;0;0;0;0;0;0;0;0;0;0;0;0;0;0;0;0;0;0;0;0;0;0;0;0;0;0;0;0;0;0;0;0;0;0;0;0;0;0;0;0;0;0;0;0;0;0;0;0;0;0;0;0;0;0;0;0;0;0;0;0;0;0;0;0;0;0;0;0;0;0;0;0;0;0;0;0;0;0;0;0;0;0;0;0;0;0;0;0;0;0;0;0;0;0;0;0;0;0;0;0;0;0;0;0;0;0
20.46.47.341.075;1;530;468;62;0;223;9;58;56;49;55;27;18;14;6;11;4;0;0;450;0;4;11;65;4;526;340;190;1162;1126;1;7;0;0;411;243;0;1258.53;75.6;45.05;1227.98;55.79;12.49;12.42;3;83.7;595.21;543.37;0.7;0;5;1144.28;360;154;10;112.6;0;0;0;0;0;0;0;0;6179;17976;66;158;2;0;0;0;0;0;818;0;123;9;938;0;83;0;110;0;9;0;0;10;7;0;0;0;0;0;1384;0;21;4;0;1;1;0;0;0;22;12.7;130.1;113.33;0;32.02;2.73;1;1.42;17.87;28.2;1.31;1.25;6.35;2.22;13.89;0.91;1.3;1.41;1.37;0.03;0.24;0;0.2;44.03;130.61;3.34;0;0.41;135.33;22.44;1.75;37.51;0.5;1.3;0;0;0;0;0;0;0;0;0;0;0;0;0;0;0;0;0;0;0;0;0;0;0;0;0;0;0;0;0;0;0;0;0;0;0;0;0;0;0;0;0;0;0;0;0;0;0;0;0;0;0;0;0;0;0;0;0;0;0;0;0;0;0;0;0;0;0;0;0.9;116.55;13756;5.1;680;50.85;5179;70.88;8066;5.67;1000;0.45;75;1.55;197;22.26;3725;0;0;0;0;2.1;285;0;0;4.7;343;13.23;2403;23.72;3398;0.4;0;1.15;195;47.91;480;17.9;3838;0.5;400;10.53;1885;134.65;54035;0;0;0;0;0;0;0;0;0;0;0;0;0;0;0;0;0;0;0;0;0;0;0;0;0;0;0;0;0;0;0;0;0;0;0;0;0;0;0;0;0;0;0;0;0;0;0;0;0;0;0;0;0;0;0;0;0;0;0;0;0;0;0;0;0;0;0;0;0;0;0;0;0;0;0;0;0;0;0;0;0;0;0;0;0;0;0;0;0;0;0;0;0;0;0;0;0;0;0;0;0;0;0;0;0;0;0;0;0;0;0;0;0;0;0;0;0;0
20.46.47.341.296;1;1762;1563;199;0;435;21;127;157;107;396;64;60;167;70;112;25;19;2;1358;10;96;118;180;11;1751;1258;504;4174;4118;3;118;105;0;1399;651;0;2931.18;198.4;361;3093.78;190.79;27.82;53.23;42.6;314.44;1213.34;1513.3;15.7;2.6;34.4;2779.34;971;369;29;38.7;0;8.5;3.4;0.1;0;0;0;2.2;13588;10362;1327;1093;619;150;25;0;129;0;2547;126;96;0;2193;332;42;0;129;0;3;0;2;36;10;4;3;47;90;2;1945;14;169;18;0;6;7;0;0;0;203;41.04;358.6;81.3;1.15;17.31;0;0.1;0.36;7.52;25.09;3.51;55.39;3.46;0.51;4.33;8.85;24.17;26.68;18.65;0.25;0.05;0.01;0;47.19;164.31;3.61;0;0.3;115.72;16.77;1.85;274.06;15.4;1.1;0;0;0;0;0;0;0;0;0;0;0;0;0;0;0;0;0;0;0;0;0;0;0;0;0;0;0;0;0;0;0;0;0;0;0;0;0;0;0;0;0;0;0;0;0;0;0;0;0;0;0;0;0;0;0;0;0;0;0;0;0;0;0;0;0;0;0;0;17.46;585.28;72819;6.65;692;99.75;11281;108.59;12208;7.36;1121;6.96;827;0.83;104;1.46;148;1.07;112;0.31;40;1.37;135;0.7;92;6.59;950;6.26;1132;3.81;422;4.04;0;4.11;1290;222.15;1099;11.42;1021;2.42;452;10.97;1952;375.64;105040;0.36;160;0;0;0;0;0;0;0;0;0;0;0;0;0;0;0;0;0;0;0;0;0;0;0;0;0;0;0;0;0;0;0;0;0;0;0;0;0;0;0;0;0;0;0;0;0;0;0;0;0;0;0;0;0;0;0;0;0;0;0;0;0;0;0;0;0;0;0;0;0;0;0;0;0;0;0;0;0;0;0;0;0;0;0;0;0;0;0;0;0;0;0;0;0;0;0;0;0;0;0;0;0;0;0;0;0;0;0;0;0;0;0;0;0;0;0;0
20.46.47.341.441;1;663;566;97;0;289;11;33;39;29;59;8;14;71;28;62;10;9;1;533;1;43;17;69;4;659;374;289;1633;1588;0;0;0;0;666;540;0;1114.44;111.2;131.17;1134.41;66.14;15.6;53.39;12.1;147.23;538;407.88;11.6;2.8;26.9;987.18;490;118;8;85.3;0;0.4;0;0;0;0;0;0;8154;12345;332;1874;54;0;0;0;2;0;1463;113;74;9;1285;262;57;0;134;0;0;0;7;25;54;5;4;66;3;4;361;14;20;162;0;0;3;0;0;1;19;23.8;261.09;86.61;0.1;3.37;0;0;0;11.83;14.6;2.87;4.63;2.11;0;2.61;5.38;9.9;1.88;1.48;0.4;1.2;0;0;35.03;56.77;3.08;0;0;27.63;5.8;0.15;11.95;0.2;0.1;0;0;0;0;0;0;0;0;0;0;0;0;0;0;0;0;0;0;0;0;0;0;0;0;0;0;0;0;0;0;0;0;0;0;0;0;0;0;0;0;0;0;0;0;0;0;0;0;0;0;0;0;0;0;0;0;0;0;0;0;0;0;0;0;0;0;0;0;9.03;103.65;9719;0.46;35;34.38;3121;63.81;6205;5.94;469;2.99;213;0.22;22;0.75;58;0;0;0.9;75;1;76;0;0;12.55;509;12.63;1271;2.3;174;0.4;0;1.78;250;44.86;0;1;0;0;0;16.7;2385;77.93;14271;0.75;63;0;0;0;0;0;0;0;0;0;0;0;0;0;0;0;0;0;0;0;0;0;0;0;0;0;0;0;0;0;0;0;0;0;0;0;0;0;0;0;0;0;0;0;0;0;0;0;0;0;0;0;0;0;0;0;0;0;0;0;0;0;0;0;0;0;0;0;0;0;0;0;0;0;0;0;0;0;0;0;0;0;0;0;0;0;0;0;0;0;0;0;0;0;0;0;0;0;0;0;0;0;0;0;0;0;0;0;0;0;0;0;0;0;0;0;0
20.46.47.341.514;1;252;232;20;0;172;1;3;10;6;23;12;12;8;5;0;0;0;0;221;2;0;15;14;0;252;88;164;544;585;0;1;0;0;249;193;0;611.78;44.8;51.64;618.62;54.49;3.5;31.18;31.5;120.67;228.02;262.13;0.4;0.4;7;497.95;162;88;0;30.2;0;0;0;0;0;0;0;0;1748;400;96;293;2;0;0;0;0;0;263;0;104;0;238;12;36;0;13;0;1;0;0;5;5;1;4;0;0;0;880;0;25;1;0;4;0;0;0;0;34;14.18;47.36;27.52;0;3.3;0.1;0;0;4;5.55;3.9;3.1;5.85;0;4.75;3.14;0.6;2.43;2.09;3.8;2.14;0;0;30.82;46.75;1.63;0;0;29.7;2.47;0;5.18;0.3;0.1;0;0;0;0;0;0;0;0;0;0;0;0;0;0;0;0;0;0;0;0;0;0;0;0;0;0;0;0;0;0;0;0;0;0;0;0;0;0;0;0;0;0;0;0;0;0;0;0;0;0;0;0;0;0;0;0;0;0;0;0;0;0;0;0;0;0;0;0;1.87;35.29;8869;1;90;6.58;1584;41.35;5178;2.66;320;0.53;135;1.3;55;2.44;492;0.6;120;0;0;4.1;610;0.5;100;5.7;284;9.22;3112;4.91;483;8.2;0;1.05;295;54.54;0;0.9;270;0;0;8.25;1740;62.46;19338;2.06;800;0;0;0;0;0;0;0;0;0;0;0;0;0;0;0;0;0;0;0;0;0;0;0;0;0;0;0;0;0;0;0;0;0;0;0;0;0;0;0;0;0;0;0;0;0;0;0;0;0;0;0;0;0;0;0;0;0;0;0;0;0;0;0;0;0;0;0;0;0;0;0;0;0;0;0;0;0;0;0;0;0;0;0;0;0;0;0;0;0;0;0;0;0;0;0;0;0;0;0;0;0;0;0;0;0;0;0;0;0;0;0;0;0;0;0;0
20.46.47.341.732;1;631;600;32;0;245;17;90;32;19;95;12;21;57;15;18;9;1;1;542;2;13;18;57;5;627;277;355;1518;1405;0;1;1;0;557;496;0;1713.13;67.1;77.94;1723.97;67.8;14.52;73.67;2.9;158.89;759.87;760.51;1;6.1;37.6;1565.08;363;219;22;205;0;0.6;0.1;0;0.2;0;0;0.11;5566;1804;140;213;108;0;28;0;9;0;1093;0;132;9;1105;18;104;0;322;0;3;0;1;21;14;1;2;30;8;42;1245;0;53;8;0;42;0;0;0;13;216;97.01;289.27;274.85;0.3;1.62;0;0;0.01;2.54;6.12;2.38;4.71;1.62;0;1.14;2.6;2.79;6.14;9.91;0.3;1.25;0.07;1.1;39.46;110.14;3.93;0;0;64.05;14;0.3;96.86;0.05;4.5;0;0;0;0;0;0;0;0;0;0;0;0;0;0;0;0;0;0;0;0;0;0;0;0;0;0;0;0;0;0;0;0;0;0;0;0;0;0;0;0;0;0;0;0;0;0;0;0;0;0;0;0;0;0;0;0;0;0;0;0;0;0;0;0;0;0;0;0;10.49;220.65;30438;0.36;37;85.19;10572;96.82;13907;5.97;744;0.8;101;1.2;155;0.44;49;0.44;56;0;0;0.64;57;0;1;4.19;291;3.93;405;8.06;989;1.9;0;0.09;15;166.47;0;2.62;317;0.1;9;10.36;1621;114.46;16738;0.1;14;0;0;0;0;0;0;0;0;0;0;0;0;0;0;0;0;0;0;0;0;0;0;0;0;0;0;0;0;0;0;0;0;0;0;0;0;0;0;0;0;0;0;0;0;0;0;0;0;0;0;0;0;0;0;0;0;0;0;0;0;0;0;0;0;0;0;0;0;0;0;0;0;0;0;0;0;0;0;0;0;0;0;0;0;0;0;0;0;0;0;0;0;0;0;0;0;0;0;0;0;0;0;0;0;0;0;0;0;0;0;0;0;0;0;0;0
20.46.47.705.149;1;491;458;33;0;143;6;65;51;27;74;22;21;32;17;30;3;0;0;435;9;11;19;17;3;488;179;312;1219;1137;0;1;1;0;617;593;0;1208.2;71.5;72.17;1208.87;55.47;5.05;11.31;4.1;75.93;443.77;633.37;0.2;0;55.6;1132.94;336;125;17;6.6;0;0;0;0;0;0;0;4.7;5860;0;31;131;19;0;0;0;7;0;844;0;23;0;900;12;9;0;4;0;2;0;4;29;19;0;10;0;0;1;0;0;1;1;1;1;1;0;0;0;21;45.85;246.9;21.8;0.05;4.74;0;0;0;2.59;6.4;5.67;30.27;1.3;0.42;3.67;16.1;6.15;4.64;6.76;0;0.05;0;0.15;24.1;66.28;3.3;0;0;16.44;1.15;0;26.96;0.01;2.7;0;0;0;0;0;0;0;0;0;0;0;0;0;0;0;0;0;0;0;0;0;0;0;0;0;0;0;0;0;0;0;0;0;0;0;0;0;0;0;0;0;0;0;0;0;0;0;0;0;0;0;0;0;0;0;0;0;0;0;0;0;0;0;0;0;0;0;0;25.32;106.76;28480;2.68;477;31.5;7535;66.06;19084;0.32;245;0.34;608;0.1;115;0.25;126;0;99;0.05;23;0.35;119;0.1;17;10.76;568;0.3;368;1.55;592;0.45;0;4.35;698;148.5;0;1;747;0;0;4.55;1643;239.27;123924;0;10;0;0;0;0;0;0;0;0;0;0;0;0;0;0;0;0;0;0;0;0;0;0;0;0;0;0;0;0;0;0;0;0;0;0;0;0;0;0;0;0;0;0;0;0;0;0;0;0;0;0;0;0;0;0;0;0;0;0;0;0;0;0;0;0;0;0;0;0;0;0;0;0;0;0;0;0;0;0;0;0;0;0;0;0;0;0;0;0;0;0;0;0;0;0;0;0;0;0;0;0;0;0;0;0;0;0;0;0;0;0;0;0;0;0;0;0
20.46.47.705.258;1;454;420;35;0;163;26;73;40;44;22;10;19;20;19;13;5;1;0;423;2;6;15;9;1;454;288;167;1047;943;0;47;27;0;473;439;0;1451.29;20.7;71.78;1502.37;91.55;27.13;12.78;43;174.46;763.22;541.89;1.1;0;21.7;1327.91;218;191;21;22.1;0;0;0;0;0;0;0;1.3;3318;900;62;39;0;0;1;0;0;0;865;26;27;0;1092;0;46;0;78;0;2;0;1;31;19;0;2;0;28;0;18;0;1;2;0;0;0;0;0;0;232;197.9;224.57;85.3;0;9.88;0;0;0;7.46;19.91;4.44;21.19;3.18;0;3.22;17.37;6.77;6.78;26.76;0.1;0;0.1;0.31;52.54;176.41;12.48;0;0.2;115.5;4.9;0;4.14;0;0.4;0;0;0;0;0;0;0;0;0;0;0;0;0;0;0;0;0;0;0;0;0;0;0;0;0;0;0;0;0;0;0;0;0;0;0;0;0;0;0;0;0;0;0;0;0;0;0;0;0;0;0;0;0;0;0;0;0;0;0;0;0;0;0;0;0;0;0;0;12.81;59.41;16414;1.98;117;17.25;5917;42.76;13467;0.4;91;3.25;350;0.05;38;0;6;0.5;53;0;0;2.45;210;0.55;9;8.72;626;1.01;202;3.42;255;10.1;0;1.75;263;214.17;0;1.95;197;0;0;0.6;324;217.5;96074;1.1;611;0;0;0;0;0;0;0;0;0;0;0;0;0;0;0;0;0;0;0;0;0;0;0;0;0;0;0;0;0;0;0;0;0;0;0;0;0;0;0;0;0;0;0;0;0;0;0;0;0;0;0;0;0;0;0;0;0;0;0;0;0;0;0;0;0;0;0;0;0;0;0;0;0;0;0;0;0;0;0;0;0;0;0;0;0;0;0;0;0;0;0;0;0;0;0;0;0;0;0;0;0;0;0;0;0;0;0;0;0;0;0;0;0;0;0;0
20.46.47.705.695;1;767;723;44;0;307;19;63;67;52;99;17;15;34;35;45;12;1;1;642;1;12;53;59;7;760;371;396;1785;1784;0;24;17;0;820;798;0;1848.9;42;129.81;1936.71;74.73;5.44;4.17;0.4;84.74;650.07;662.8;14.3;6.1;518.7;1851.97;488;184;46;16.4;0;1.3;0;0.1;0;0;0;2.1;5099;1200;715;357;127;0;6;0;5;0;717;0;62;0;894;75;7;0;443;0;2;0;0;5;6;0;0;13;0;0;0;0;0;3;0;0;0;0;0;0;1;216.87;146.37;10.16;0.22;36.47;0;0;0.03;1.5;16.66;0.75;27.24;0.49;0.12;13.42;21.91;2.5;1.28;22.97;0.33;0.05;0;0;10.11;106.38;14.49;0;1.2;127.96;5.48;0;6.12;0;1.3;0;0;0;0;0;0;0;0;0;0;0;0;0;0;0;0;0;0;0;0;0;0;0;0;0;0;0;0;0;0;0;0;0;0;0;0;0;0;0;0;0;0;0;0;0;0;0;0;0;0;0;0;0;0;0;0;0;0;0;0;0;0;0;0;0;0;0;0;4.68;106.6;35041;0.35;261;14.63;3307;38.99;11327;0.6;447;1.39;775;0.85;158;0.05;133;0;91;0;9;0.41;665;0;22;15.24;2151;0.49;226;6.57;2516;0.2;0;1.42;716;55.95;99;1.8;1177;1;1149;8.35;4060;424.34;184562;1.8;2327;0;0;0;0;0;0;0;0;0;0;0;0;0;0;0;0;0;0;0;0;0;0;0;0;0;0;0;0;0;0;0;0;0;0;0;0;0;0;0;0;0;0;0;0;0;0;0;0;0;0;0;0;0;0;0;0;0;0;0;0;0;0;0;0;0;0;0;0;0;0;0;0;0;0;0;0;0;0;0;0;0;0;0;0;0;0;0;0;0;0;0;0;0;0;0;0;0;0;0;0;0;0;0;0;0;0;0;0;0;0;0;0;0;0;0;0
20.46.47.705.734;1;110;104;6;0;20;2;32;11;1;21;2;6;2;7;5;1;0;0;108;0;0;2;0;0;110;0;110;292;241;0;46;37;0;212;187;0;388.4;0;2.4;390.8;13.3;0;0;1;14.3;105.6;265.7;0;0;5.2;376.5;45;53;12;0;0;0;0;0;0;0;0;0;511;0;10;45;0;0;0;0;0;0;82;0;9;10;273;0;25;0;4;0;0;0;0;0;0;0;0;0;0;0;0;0;0;0;0;0;0;0;0;0;0;41.55;0;0.01;0;2.71;0;0;0;0.01;0.77;0;0.97;0;0;0.95;0.28;0.02;0;2.85;0;0;0;0;1.05;39.25;3.59;0;0;17.32;3.7;0.05;0;0;0;0;0;0;0;0;0;0;0;0;0;0;0;0;0;0;0;0;0;0;0;0;0;0;0;0;0;0;0;0;0;0;0;0;0;0;0;0;0;0;0;0;0;0;0;0;0;0;0;0;0;0;0;0;0;0;0;0;0;0;0;0;0;0;0;0;0;0;0;0;10.1;8457;0;4;22.15;13004;7.05;4029;0;6;1.75;956;1.33;562;0;10;0;8;0;0;0;7;0;0;0.9;391;0;3;1.2;791;0.6;0;0.4;252;74;0;2.5;1819;0;0;0;0;163.62;87675;0;0;0;0;0;0;0;0;0;0;0;0;0;0;0;0;0;0;0;0;0;0;0;0;0;0;0;0;0;0;0;0;0;0;0;0;0;0;0;0;0;0;0;0;0;0;0;0;0;0;0;0;0;0;0;0;0;0;0;0;0;0;0;0;0;0;0;0;0;0;0;0;0;0;0;0;0;0;0;0;0;0;0;0;0;0;0;0;0;0;0;0;0;0;0;0;0;0;0;0;0;0;0;0;0;0;0;0;0;0;0;0;0;0;0;0;0;0
20.46.49.001.073;2;1485;1352;133;0;86;10;27;28;11;127;18;19;155;70;265;345;209;115;78;12;690;198;507;49;1436;46;1439;3088;3122;0;6;1;0;120;49;0;2128.56;590.1;98.71;1637.17;83.03;33.63;19.98;8.4;145.04;217.68;1179.85;17;0.3;77.3;1492.13;414;128;47;63.1;0;6.8;1.8;0;3;0;0;1.2;965;99;427;195;168;0;0;50;34;20;419;11;10;0;133;0;12;0;8;0;0;0;1;12;7;0;3;3;0;2;0;0;2;1;1;2;1;0;0;1;5;48.27;199.05;49.89;0.01;1.37;0.22;0.14;0.42;7.54;6.45;3.24;0.72;0.84;0.06;3.24;0.54;0.62;1.54;2.52;0.21;0.2;0.02;0.05;0.25;0.9;2.45;0;0.4;2.11;2.64;0.01;1.17;0.07;0;0;0;0;0;0;0;0;0;0;0;0;0;0;0;0;0;0;0;0;0;0;0;0;0;0;0;0;0;0;0;0;0;0;0;0;0;0;0;0;0;0;0;0;0;0;0;0;0;0;0;0;0;0;0;0;0;0;0;0;0;0;0;0;0;0;0;0;0;0;190.35;29400;2.49;416;32.11;4082;67;9476;1.52;686;4.61;2760;1.75;190;0.16;289;0.48;85;0;12;0.11;50;0.04;50;0.44;61;0.56;325;0.74;283;0;0;7.18;7923;15.79;0;0.07;40;4;7;12.38;2790;712.97;161019;0;45;0;0;0;0;0;0;0;0;0;0;0;0;0;0;0;0;0;0;0;0;0;0;0;0;0;0;0;0;0;0;0;0;0;0;0;0;0;0;0;0;0;0;0;0;0;0;0;0;0;0;0;0;0;0;0;0;0;0;0;0;0;0;0;0;0;0;0;0;0;0;0;0;0;0;0;0;0;0;0;0;0;0;0;0;0;0;0;0;0;0;0;0;0;0;0;0;0;0;0;0;0;0;0;0;0;0;0;0;0;0;0;0;0;0;0;0
20.46.49.001.073;3;153;144;9;0;25;0;14;17;13;20;12;10;21;6;13;1;1;0;93;0;27;16;17;0;153;84;69;293;310;0;20;9;0;132;176;0;184.79;6.1;13.8;192.49;8.12;0.4;0;0;8.52;111.31;72.66;0;0;0;183.97;120;16;0;1.2;0;0;0;0;0.1;0;0;0;755;0;38;173;33;0;0;0;0;0;211;36;0;0;358;14;0;0;108;0;0;0;0;13;30;0;0;0;0;0;0;0;0;3;0;59;0;0;0;0;0;12.05;47.83;1.2;0;2.07;0;0;0;2.15;2.88;1.38;0.5;0.87;0.15;0.72;0.35;0.34;1.6;1.77;0;0;0;0;1.8;24.25;1.97;0;0;19.07;0.47;0;0.4;0;0;0;0;0;0;0;0;0;0;0;0;0;0;0;0;0;0;0;0;0;0;0;0;0;0;0;0;0;0;0;0;0;0;0;0;0;0;0;0;0;0;0;0;0;0;0;0;0;0;0;0;0;0;0;0;0;0;0;0;0;0;0;0;0;0;0;0;0;0;1.26;10.74;679;0.32;14;3.78;202;14.18;942;0.08;8;3.91;346;0;0;0;0;0;0;0;0;0.05;2;0;0;0;0;0.52;54;0.14;9;0;0;1.09;151;4.5;0;0;0;0;0;0;0;32.12;4884;0;0;0;0;0;0;0;0;0;0;0;0;0;0;0;0;0;0;0;0;0;0;0;0;0;0;0;0;0;0;0;0;0;0;0;0;0;0;0;0;0;0;0;0;0;0;0;0;0;0;0;0;0;0;0;0;0;0;0;0;0;0;0;0;0;0;0;0;0;0;0;0;0;0;0;0;0;0;0;0;0;0;0;0;0;0;0;0;0;0;0;0;0;0;0;0;0;0;0;0;0;0;0;0;0;0;0;0;0;0;0;0;0;0;0;0;0;0
20.46.49.002.073;2;1176;1086;90;0;196;6;60;74;25;258;18;21;151;31;183;89;44;20;19;8;255;217;677;10;1166;72;1104;2726;2656;0;3;2;0;67;27;0;362.65;26.7;17.57;353.52;68.27;4.67;1.39;23.8;98.13;75.09;149.4;11.9;6;13;255.39;316;24;4;42.7;0;0.4;0;0;0;0;0;0;2987;460;799;425;738;0;55;0;38;0;616;23;51;0;398;26;16;0;0;0;4;0;2;0;1;0;0;29;0;0;0;0;0;0;0;0;0;0;0;1;0;47.34;7.74;38.44;0.16;1.44;0;0.02;0.08;3.24;4.58;1.38;1.61;4.3;0.03;3.8;0.65;1.01;0.68;1.63;0.01;0;0;0;0.59;0.19;0.2;0;0;1.57;0.24;0;0.84;0.16;0.5;0;0;0;0;0;0;0;0;0;0;0;0;0;0;0;0;0;0;0;0;0;0;0;0;0;0;0;0;0;0;0;0;0;0;0;0;0;0;0;0;0;0;0;0;0;0;0;0;0;0;0;0;0;0;0;0;0;0;0;0;0;0;0;0;0;0;0;0;0;55.88;12323;1.76;576;13.23;3905;12.21;3473;1.59;729;3.3;1004;7.16;132;2.56;155;0.06;29;0.05;13;0.14;66;0.01;27;0.2;62;1.11;496;1.03;54;0.02;0;3.43;1629;8.32;0;0.08;62;0.17;55;10.25;3908;29.08;10819;0.4;165;0;0;0;0;0;0;0;0;0;0;0;0;0;0;0;0;0;0;0;0;0;0;0;0;0;0;0;0;0;0;0;0;0;0;0;0;0;0;0;0;0;0;0;0;0;0;0;0;0;0;0;0;0;0;0;0;0;0;0;0;0;0;0;0;0;0;0;0;0;0;0;0;0;0;0;0;0;0;0;0;0;0;0;0;0;0;0;0;0;0;0;0;0;0;0;0;0;0;0;0;0;0;0;0;0;0;0;0;0;0;0;0;0;0;0;0
20.46.49.002.073;5;50;45;5;0;30;0;0;0;0;13;2;3;1;0;0;1;0;0;49;0;1;0;0;0;50;1;49;103;98;0;0;0;0;8;1;0;74.45;0.8;5.5;79.15;6.01;2.73;2.03;0;10.77;27.91;34.27;0;0;6.2;68.38;41;3;1;1.2;0;0;0;0;0;0;0;0;304;400;20;10;0;0;0;0;0;0;52;0;0;0;82;0;0;0;55;0;0;0;0;0;0;0;1;0;0;0;0;0;0;0;0;0;1;0;0;0;0;7.13;3.3;1.6;0;0;0;0;0;0.03;0.36;0;0.25;0.01;0;0.1;0.07;0.01;0.09;0.49;0;0;1;0;1.1;3.3;0.03;0;0;9.34;1.01;0;0.13;0;0;0;0;0;0;0;0;0;0;0;0;0;0;0;0;0;0;0;0;0;0;0;0;0;0;0;0;0;0;0;0;0;0;0;0;0;0;0;0;0;0;0;0;0;0;0;0;0;0;0;0;0;0;0;0;0;0;0;0;0;0;0;0;0;0;0;0;0;0;0;3.9;434;0.06;14;3.34;421;2.12;294;0;1;0.09;39;0;2;0;5;0.01;5;0;0;0.01;7;0;1;0.22;27;0.02;11;0.08;27;0.2;0;0.02;17;5.69;0;0;0;0;0;1.5;200;15.39;7451;0.01;10;0;0;0;0;0;0;0;0;0;0;0;0;0;0;0;0;0;0;0;0;0;0;0;0;0;0;0;0;0;0;0;0;0;0;0;0;0;0;0;0;0;0;0;0;0;0;0;0;0;0;0;0;0;0;0;0;0;0;0;0;0;0;0;0;0;0;0;0;0;0;0;0;0;0;0;0;0;0;0;0;0;0;0;0;0;0;0;0;0;0;0;0;0;0;0;0;0;0;0;0;0;0;0;0;0;0;0;0;0;0;0;0;0;0;0;0
20.46.49.003.073;2;1354;1249;105;0;193;20;50;40;68;175;37;66;147;74;215;103;105;60;25;6;290;395;638;17;1337;34;1320;2905;2819;1;0;0;0;71;1;0;513.55;167.4;14.7;360.85;63.94;8.58;9.77;8.4;90.69;95.39;139.67;22.1;1.4;11.6;270.16;128;11;7;50.4;0;0.4;15.7;0;0;0;0;0;939;350;331;262;307;0;37;0;20;0;180;0;26;0;101;0;6;0;3;0;7;0;3;4;5;1;3;23;0;1;2;0;1;7;1;3;0;0;0;9;3;12.35;49.19;30.67;0.04;1.63;0.02;0.23;1.14;6.1;5.03;1.31;2.74;4.99;5.3;7.35;2.07;1.68;0.87;2.8;1;1;1.04;0;1;0;2.83;0;0;0.27;0.02;0.01;0;1.78;3.2;0;0;0;0;0;0;0;0;0;0;0;0;0;0;0;0;0;0;0;0;0;0;0;0;0;0;0;0;0;0;0;0;0;0;0;0;0;0;0;0;0;0;0;0;0;0;0;0;0;0;0;0;0;0;0;0;0;0;0;0;0;0;0;0;0;0;0;0;0.01;48.87;4713;12.45;968;34.3;1272;9.49;438;0.43;186;98.29;897;0.17;80;0.08;75;0;10;0.01;5;0.03;15;0.06;12;0;15;0.2;111;0.15;66;0;0;2.1;1037;4.17;1;0.16;44;0;43;2.53;278;37.34;6117;0.02;13;0;0;0;0;0;0;0;0;0;0;0;0;0;0;0;0;0;0;0;0;0;0;0;0;0;0;0;0;0;0;0;0;0;0;0;0;0;0;0;0;0;0;0;0;0;0;0;0;0;0;0;0;0;0;0;0;0;0;0;0;0;0;0;0;0;0;0;0;0;0;0;0;0;0;0;0;0;0;0;0;0;0;0;0;0;0;0;0;0;0;0;0;0;0;0;0;0;0;0;0;0;0;0;0;0;0;0;0;0;0;0;0;0;0;0;0
20.46.49.004.073;2;533;468;65;0;33;0;20;5;13;47;8;8;74;29;114;77;75;30;15;4;182;139;193;5;528;16;517;1082;1039;0;1;0;0;8;1;0;372.88;128.3;9.85;254.43;26.46;19.8;0.55;6.1;52.91;31.24;161.58;0.9;0;7.8;201.52;102;13;3;20.6;0;0.6;0.1;0;0;0;0;0;280;0;64;20;106;0;12;0;0;0;53;0;1;0;43;0;0;0;0;0;0;0;0;0;0;0;0;6;0;0;0;0;0;0;0;0;0;0;0;0;1;6.87;10.99;24.17;0;0.1;0.01;0;0.03;0.15;0.19;0.1;0.01;0.17;0;0;0.1;0;0.02;0.12;0.07;0.01;0;0;0.07;0.06;0.2;0;0;0.02;0.37;0.01;0.01;0;0;0;0;0;0;0;0;0;0;0;0;0;0;0;0;0;0;0;0;0;0;0;0;0;0;0;0;0;0;0;0;0;0;0;0;0;0;0;0;0;0;0;0;0;0;0;0;0;0;0;0;0;0;0;0;0;0;0;0;0;0;0;0;0;0;0;0;0;0;0.01;23.28;8820;1.01;44;5.81;706;12.1;3980;0.04;91;3.21;474;0.12;24;4;311;0;2;0;1;0.1;12;0.1;156;0.01;3;0.7;522;0.1;64;0;0;0.52;661;9.67;0;0.25;204;0;1;0.91;372;78.59;34241;0;19;0;0;0;0;0;0;0;0;0;0;0;0;0;0;0;0;0;0;0;0;0;0;0;0;0;0;0;0;0;0;0;0;0;0;0;0;0;0;0;0;0;0;0;0;0;0;0;0;0;0;0;0;0;0;0;0;0;0;0;0;0;0;0;0;0;0;0;0;0;0;0;0;0;0;0;0;0;0;0;0;0;0;0;0;0;0;0;0;0;0;0;0;0;0;0;0;0;0;0;0;0;0;0;0;0;0;0;0;0;0;0;0;0;0;0;0
20.46.49.004.260;2;413;391;22;0;55;9;24;11;14;67;6;10;49;16;39;46;38;29;2;3;165;62;181;9;404;5;408;850;868;0;3;0;0;7;0;0;155.15;24.9;5.18;135.43;20.17;2.08;2.88;0.1;25.23;28.21;76.09;1.9;0;4;110.2;72;1;4;26;0;1.5;0;0;12;0;0;0;274;215;97;40;193;0;0;0;10;0;32;0;0;0;65;0;0;0;0;0;1;0;0;0;2;0;0;3;100;0;81;0;4;0;0;0;0;0;0;3;1;7.08;10.32;6.54;0;1.44;0;0.03;0.13;1.58;0.16;0;0.35;1.16;0.01;0.12;0.01;0.02;0.23;2.25;0.01;0;0;0;0.05;0;0.54;0;0;11.06;0.06;0;0;0.01;0;0;0;0;0;0;0;0;0;0;0;0;0;0;0;0;0;0;0;0;0;0;0;0;0;0;0;0;0;0;0;0;0;0;0;0;0;0;0;0;0;0;0;0;0;0;0;0;0;0;0;0;0;0;0;0;0;0;0;0;0;0;0;0;0;0;0;0;0;0.13;17.05;1459;3.94;271;1.86;310;5.74;336;1.12;31;3.05;166;0.05;9;0.03;4;0;0;0.01;4;0.11;15;0.02;2;0.01;2;0.06;12;0;2;0;0;2.16;1454;1.95;0;0.02;3;0.01;4;0.2;303;36.68;6329;0;1;0;0;0;0;0;0;0;0;0;0;0;0;0;0;0;0;0;0;0;0;0;0;0;0;0;0;0;0;0;0;0;0;0;0;0;0;0;0;0;0;0;0;0;0;0;0;0;0;0;0;0;0;0;0;0;0;0;0;0;0;0;0;0;0;0;0;0;0;0;0;0;0;0;0;0;0;0;0;0;0;0;0;0;0;0;0;0;0;0;0;0;0;0;0;0;0;0;0;0;0;0;0;0;0;0;0;0;0;0;0;0;0;0;0;0;0
20.46.49.005.260;2;736;679;57;0;25;2;25;7;8;91;4;3;127;10;165;122;86;61;3;2;386;141;204;8;728;10;726;1647;1591;0;0;1;0;25;4;0;675.62;225.7;19.83;469.75;41.23;30.73;20.87;17.3;110.13;55.92;286;5.3;1;11.4;359.62;128;19;9;8.1;0;4.3;0.3;0;0;0;0;0;972;60;242;210;504;0;0;0;47;20;102;72;1;14;128;47;0;0;0;0;1;0;1;3;3;0;0;0;1;0;4;1;1;2;1;2;0;0;0;0;1;27.42;30.64;11.09;2.24;2.01;0;0.3;0;2.28;5.24;0;0.29;0.36;0.75;0.44;0.11;0.09;0.45;0.37;0;0;0.2;0.2;0.01;0.01;0.17;0;0;2.73;0.61;0;1.47;0.1;0;0;0;0;0;0;0;0;0;0;0;0;0;0;0;0;0;0;0;0;0;0;0;0;0;0;0;0;0;0;0;0;0;0;0;0;0;0;0;0;0;0;0;0;0;0;0;0;0;0;0;0;0;0;0;0;0;0;0;0;0;0;0;0;0;0;0;0;0;0;64.77;8476;9.38;1142;14.69;1925;30.66;3241;1.22;457;1.03;543;1.29;279;0.08;61;0.02;19;0.07;20;0.04;53;0.02;25;0.04;46;3.5;889;0.16;77;0;0;0.6;1142;6.06;0;2.17;457;0.2;976;6.81;1221;95.06;7528;0;25;0;0;0;0;0;0;0;0;0;0;0;0;0;0;0;0;0;0;0;0;0;0;0;0;0;0;0;0;0;0;0;0;0;0;0;0;0;0;0;0;0;0;0;0;0;0;0;0;0;0;0;0;0;0;0;0;0;0;0;0;0;0;0;0;0;0;0;0;0;0;0;0;0;0;0;0;0;0;0;0;0;0;0;0;0;0;0;0;0;0;0;0;0;0;0;0;0;0;0;0;0;0;0;0;0;0;0;0;0;0;0;0;0;0;0;0
20.46.49.005.589;2;168;162;6;0;7;2;3;0;0;17;0;2;18;5;49;37;28;0;7;0;100;16;45;0;168;11;157;366;362;0;1;2;0;12;3;0;487.67;347;6.07;146.74;5.98;25.73;0.25;1.3;33.26;29.43;65.85;0;0.9;17.3;113.48;36;10;4;19.5;0;0;0;0;0;0;0;0;239;800;40;118;56;0;2;0;0;0;44;0;7;0;66;15;1;0;21;0;0;0;1;0;0;0;0;0;0;0;0;0;0;0;0;0;0;0;0;0;0;27.5;7;18.5;0;0.03;0;0;0;0.03;0.09;0;0.02;0.06;0;0.15;0;1;3.02;2.04;0;0;0;0;0;0;0;0;0;4.6;0.01;0;0;0;0;0;0;0;0;0;0;0;0;0;0;0;0;0;0;0;0;0;0;0;0;0;0;0;0;0;0;0;0;0;0;0;0;0;0;0;0;0;0;0;0;0;0;0;0;0;0;0;0;0;0;0;0;0;0;0;0;0;0;0;0;0;0;0;0;0;0;0;0;0;18.46;2627;0.02;33;6.85;627;2.21;461;0.12;75;2.05;194;0;4;0.01;19;0;0;0;1;0;5;0;2;0.02;7;0.03;35;0;5;0;0;0.23;269;0.53;0;0;0;0;0;0;0;38.33;6184;0;2;0;0;0;0;0;0;0;0;0;0;0;0;0;0;0;0;0;0;0;0;0;0;0;0;0;0;0;0;0;0;0;0;0;0;0;0;0;0;0;0;0;0;0;0;0;0;0;0;0;0;0;0;0;0;0;0;0;0;0;0;0;0;0;0;0;0;0;0;0;0;0;0;0;0;0;0;0;0;0;0;0;0;0;0;0;0;0;0;0;0;0;0;0;0;0;0;0;0;0;0;0;0;0;0;0;0;0;0;0;0;0;0;0;0;0;0
20.46.49.006.260;2;1567;1399;168;0;470;56;81;28;39;295;24;49;199;32;166;77;35;16;29;62;167;177;1132;67;1500;36;1531;3751;3812;6;0;0;0;36;11;0;198.76;8.4;19.16;209.52;76.82;8.19;6.77;22.4;114.18;21.26;56.38;3.2;1.5;13;95.34;198;7;0;8.2;0;1.2;0;0;0.2;0;0;0;2858;1435;961;764;1206;70;61;50;94;13;331;0;19;0;347;12;12;0;2;0;1;0;0;2;1;1;1;12;3;0;0;2;0;0;0;0;1;0;0;0;3;3.78;10.67;8.41;0;7.52;0;0.33;0.18;3.31;2.88;0.29;2.16;5.14;0.3;1.5;1.64;2.28;2.43;2.98;0.06;0.03;0.06;0.01;0.1;0.32;2.08;0;0;0.5;0.74;0;0.28;2.34;0.01;0;0;0;0;0;0;0;0;0;0;0;0;0;0;0;0;0;0;0;0;0;0;0;0;0;0;0;0;0;0;0;0;0;0;0;0;0;0;0;0;0;0;0;0;0;0;0;0;0;0;0;0;0;0;0;0;0;0;0;0;0;0;0;0;0;0;0;0;1;18.52;4402;1.04;398;11.18;2201;8.12;1800;1.24;500;1.8;543;0.13;62;1.17;103;0.1;21;0.02;10;0.14;68;0.06;23;0.03;439;0.53;329;0.12;64;0.01;0;0.75;638;2.43;200;0.49;134;0.33;72;1.58;486;7.4;2551;0.11;55;0;0;0;0;0;0;0;0;0;0;0;0;0;0;0;0;0;0;0;0;0;0;0;0;0;0;0;0;0;0;0;0;0;0;0;0;0;0;0;0;0;0;0;0;0;0;0;0;0;0;0;0;0;0;0;0;0;0;0;0;0;0;0;0;0;0;0;0;0;0;0;0;0;0;0;0;0;0;0;0;0;0;0;0;0;0;0;0;0;0;0;0;0;0;0;0;0;0;0;0;0;0;0;0;0;0;0;0;0;0;0;0;0;0;0;0
20.46.49.007.260;2;1376;1234;142;0;82;4;23;7;10;128;11;6;134;49;257;293;210;162;59;7;634;338;338;10;1366;76;1300;2899;2923;0;1;0;0;87;38;0;1644.19;373.2;35.32;1306.31;62.55;36.11;6.57;3.7;108.93;219.6;939.38;15.6;1.2;21.6;1197.38;330;115;30;65.3;0;8.1;3;0;0;0;0;0;437;600;154;419;205;0;0;30;12;0;114;0;0;0;57;0;0;0;0;0;0;0;1;0;1;0;0;3;0;0;0;0;0;1;0;0;0;0;0;0;1;141.91;140.34;58.61;0;1.1;0;0.03;1.07;1.76;3.46;0.52;1.29;1.44;0.15;1.07;0.38;0.27;0.62;1.85;0.11;0.35;0;0;1;1;0.64;0;0;1.41;0.09;0.01;0;0;0.1;0;0;0;0;0;0;0;0;0;0;0;0;0;0;0;0;0;0;0;0;0;0;0;0;0;0;0;0;0;0;0;0;0;0;0;0;0;0;0;0;0;0;0;0;0;0;0;0;0;0;0;0;0;0;0;0;0;0;0;0;0;0;0;0;0;0;0;0;0;410.51;49772;0.98;194;27.98;2885;59.25;7105;2.42;335;3.68;1589;1.12;104;0.04;93;0;5;0;0;0.06;30;0.08;20;0.24;53;3.17;670;1.95;172;0;0;1.05;2669;19.82;0;0.22;50;0.06;16;1.18;266;364.83;80761;1.01;527;0;0;0;0;0;0;0;0;0;0;0;0;0;0;0;0;0;0;0;0;0;0;0;0;0;0;0;0;0;0;0;0;0;0;0;0;0;0;0;0;0;0;0;0;0;0;0;0;0;0;0;0;0;0;0;0;0;0;0;0;0;0;0;0;0;0;0;0;0;0;0;0;0;0;0;0;0;0;0;0;0;0;0;0;0;0;0;0;0;0;0;0;0;0;0;0;0;0;0;0;0;0;0;0;0;0;0;0;0;0;0;0;0;0;0;0
20.46.49.008.260;2;214;187;27;0;14;6;9;6;5;33;4;5;27;14;35;31;15;10;4;2;57;96;55;6;208;13;201;532;509;0;0;0;0;9;2;0;91.37;16.3;1.54;76.61;8.95;1.09;0.1;0.2;10.34;8.18;43.49;3.4;0;11.2;66.27;41;6;3;7.6;0;1.8;0.8;0;0;0;0;0;104;70;62;85;123;0;17;0;3;0;22;0;0;0;6;0;1;0;0;0;0;0;0;1;0;0;0;19;0;0;0;0;0;0;0;1;2;0;0;0;0;0.21;6.4;6.06;0;0.07;0;0.01;0.05;0.19;0.01;0.2;1.21;0.41;0;0;0.22;0.3;0.02;0.15;0.05;0.05;0;0;0;0;0.01;0;0;0;0.01;0;0;0;0;0;0;0;0;0;0;0;0;0;0;0;0;0;0;0;0;0;0;0;0;0;0;0;0;0;0;0;0;0;0;0;0;0;0;0;0;0;0;0;0;0;0;0;0;0;0;0;0;0;0;0;0;0;0;0;0;0;0;0;0;0;0;0;0;0;0;0;0;0;26.5;2807;0.07;31;2.24;381;3.05;295;0.18;117;0.15;280;0.02;30;0;9;0;5;0.04;13;0;5;0;8;0.03;9;0.08;87;0.01;13;0;0;0.19;245;0;0;0;3;0;2;0;29;8.01;513;0;23;0;0;0;0;0;0;0;0;0;0;0;0;0;0;0;0;0;0;0;0;0;0;0;0;0;0;0;0;0;0;0;0;0;0;0;0;0;0;0;0;0;0;0;0;0;0;0;0;0;0;0;0;0;0;0;0;0;0;0;0;0;0;0;0;0;0;0;0;0;0;0;0;0;0;0;0;0;0;0;0;0;0;0;0;0;0;0;0;0;0;0;0;0;0;0;0;0;0;0;0;0;0;0;0;0;0;0;0;0;0;0;0;0;0;0;0
20.46.49.009.260;2;1299;1178;121;0;173;7;54;20;25;164;25;26;191;47;276;160;106;24;181;8;367;342;401;49;1250;107;1192;2793;2746;0;10;0;0;171;113;0;896.32;216;149.88;830.2;63.15;15.37;7.55;16.8;102.87;324.51;383.22;6.1;1.4;12.1;727.33;417;51;18;123.5;0;1.9;0.7;0;0;0;0;0;1827;1127;377;371;318;0;7;50;21;20;732;67;110;0;178;66;5;0;8;0;0;0;8;40;31;5;4;26;0;0;0;0;0;12;7;0;0;0;0;0;3;54.46;166.37;124.78;1.2;17.75;3.7;2.87;0.23;16.13;24.58;6.35;12.91;9.13;0.41;5.11;4;6.65;10.13;7.33;3.47;6.6;1;0.05;1.42;2.17;21.22;0;1.05;4.78;2.01;0;0;0.83;7.57;0;0;0;0;0;0;0;0;0;0;0;0;0;0;0;0;0;0;0;0;0;0;0;0;0;0;0;0;0;0;0;0;0;0;0;0;0;0;0;0;0;0;0;0;0;0;0;0;0;0;0;0;0;0;0;0;0;0;0;0;0;0;0;0;0;0;0;0;0;177.31;27682;1.12;253;7.14;1565;47.92;9180;0.3;337;1.71;1023;0.66;180;0.14;136;0;13;0.01;22;1.01;28;0.01;44;0.07;15;2.16;158;3.09;684;4.05;0;41.56;1395;18.81;900;0;3;0;6;3.55;690;120.9;36260;0;21;0;0;0;0;0;0;0;0;0;0;0;0;0;0;0;0;0;0;0;0;0;0;0;0;0;0;0;0;0;0;0;0;0;0;0;0;0;0;0;0;0;0;0;0;0;0;0;0;0;0;0;0;0;0;0;0;0;0;0;0;0;0;0;0;0;0;0;0;0;0;0;0;0;0;0;0;0;0;0;0;0;0;0;0;0;0;0;0;0;0;0;0;0;0;0;0;0;0;0;0;0;0;0;0;0;0;0;0;0;0;0;0;0;0;0;0
20.46.49.142.074;1;3188;2975;214;0;1056;79;243;232;142;355;107;117;256;212;246;107;23;12;2194;18;106;283;588;32;3157;1236;1953;6739;6609;0;160;103;0;3226;2821;0;7968.32;319.4;438.84;8087.76;224.85;27.15;177.09;11.1;440.19;2707.41;4867.76;14.4;6.4;51.6;7647.57;1728;893;135;669.2;0;7.3;3.7;0.5;0;0;0;0;20592;7390;1100;450;628;0;27;0;142;30;2801;41;318;0;2098;206;109;0;1236;0;30;0;8;98;124;1;9;163;721;1;6030;18;677;20;1;592;0;0;0;57;484;446.27;1140.12;549.91;1.81;23.16;2.34;0.12;1.19;32.61;69.81;11.94;36.83;8.37;2.68;18.59;43.62;14.77;37.55;40.21;0.87;2.12;0.08;1.61;69.42;449.04;45.78;0;0.1;497.07;28.68;0.79;54.24;3.54;91.97;0;0;0;0;0;0;0;0;0;0;0;0;0;0;0;0;0;0;0;0;0;0;0;0;0;0;0;0;0;0;0;0;0;0;0;0;0;0;0;0;0;0;0;0;0;0;0;0;0;0;0;0;0;0;0;0;0;0;0;0;0;0;0;0;0;0;0;0;143.42;651.54;80497;13.18;1395;128.72;12149;405.73;38510;11.83;1935;40.91;4146;4.9;484;6.1;749;0.13;19;0.17;25;12.68;1368;0.13;18;19.35;1021;10.41;1588;4.21;909;6.1;0;22.55;5869;605.67;99;14.24;1214;0;41;2.68;994;1557.09;674059;2.95;1935;0;0;0;0;0;0;0;0;0;0;0;0;0;0;0;0;0;0;0;0;0;0;0;0;0;0;0;0;0;0;0;0;0;0;0;0;0;0;0;0;0;0;0;0;0;0;0;0;0;0;0;0;0;0;0;0;0;0;0;0;0;0;0;0;0;0;0;0;0;0;0;0;0;0;0;0;0;0;0;0;0;0;0;0;0;0;0;0;0;0;0;0;0;0;0;0;0;0;0;0;0;0;0;0;0;0;0;0;0;0;0;0;0;0;0;0
